_id,value
,52
AAT-2007-1.1-01,2
AAT-2007-1.1-02,1
AAT-2007-1.1-03,4
AAT-2007-1.1-04,1
AAT-2007-1.4.01,1
AAT-2007-2.1-01,2
AAT-2007-2.2-02,1
AAT-2007-3.1-02,2
AAT-2007-3.2-02,1
AAT-2007-3.3-02,6
AAT-2007-3.3-04,2
AAT-2007-3.4-02,2
AAT-2007-3.5-01,1
AAT-2007-3.5-02,1
AAT-2007-4.1-01,5
AAT-2007-4.1-03,1
AAT-2007-4.1-05,3
AAT-2007-4.2-01,2
AAT-2007-4.2-03,1
AAT-2007-4.2-04,1
AAT-2007-4.2-06,2
AAT-2007-4.3-03,1
AAT-2007-4.4-01,1
AAT-2007-5.1-01,1
AAT-2007-6.1-02,2
AAT-2007-6.1-04,1
AAT-2007-6.2-01,1
AAT-2007-6.2-02,1
AAT-2007-7.0-04,1
AAT-2007-7.0-05,1
AAT-2007-7.0-06,2
AAT-2007-7.0-07,1
AAT.2008.1.1.1.,4
AAT.2008.1.1.2.,2
AAT.2008.1.1.3.,3
AAT.2008.1.1.4.,3
AAT.2008.1.1.5.,1
AAT.2008.1.2.2.,1
AAT.2008.1.3.1.,1
AAT.2008.1.3.2.,1
AAT.2008.1.4.1.,1
AAT.2008.2.2.2.,1
AAT.2008.2.3.2.,1
AAT.2008.3.1.1.,1
AAT.2008.3.1.3.,1
AAT.2008.3.2.1.,1
AAT.2008.3.2.2.,1
AAT.2008.3.3.2.,2
AAT.2008.3.3.4.,1
AAT.2008.3.4.1.,1
AAT.2008.3.4.5.,1
AAT.2008.4.1.1.,5
AAT.2008.4.1.2.,2
AAT.2008.4.1.4.,2
AAT.2008.4.1.5.,4
AAT.2008.4.2.3.,1
AAT.2008.4.2.4.,2
AAT.2008.4.2.5.,1
AAT.2008.4.2.6.,1
AAT.2008.4.4.1.,1
AAT.2008.4.4.2,1
AAT.2008.5.2.2.,1
AAT.2008.5.2.3.,1
AAT.2008.6.1.1.,1
AAT.2008.6.2.1.,1
AAT.2008.6.2.2.,1
AAT.2008.6.3.3.,1
AAT.2008.7.0.1,1
AAT.2008.7.0.10.,1
AAT.2008.7.0.2.,1
AAT.2008.7.0.3.,1
AAT.2008.7.0.6.,3
AAT.2008.7.0.7.,2
AAT.2008.7.0.8.,1
AAT.2008.7.0.9.,2
AAT.2010.1.1-1.,6
AAT.2010.1.1-2.,7
AAT.2010.1.1-3.,8
AAT.2010.1.1-4.,1
AAT.2010.1.1-7.,1
AAT.2010.1.2-1.,1
AAT.2010.1.3-2.,1
AAT.2010.1.3-3.,1
AAT.2010.3.3-1.,1
AAT.2010.3.3-2.,1
AAT.2010.3.3-3.,1
AAT.2010.3.4-1.,1
AAT.2010.3.4-6.,1
AAT.2010.4.1-1.,5
AAT.2010.4.1-2.,2
AAT.2010.4.1-4.,1
AAT.2010.4.1-5.,3
AAT.2010.4.1-6.,1
AAT.2010.4.1-8.,1
AAT.2010.4.2-2.,1
AAT.2010.4.2-3.,1
AAT.2010.4.2.-7,1
AAT.2010.4.3-4.,1
AAT.2010.6.2-1.,1
AAT.2010.6.2-2.,1
AAT.2010.6.3-3.,1
AAT.2010.7-12.,1
AAT.2010.7-13.,1
AAT.2010.7-14.,1
AAT.2010.7-15.,1
AAT.2010.7-16.,1
AAT.2010.7-4.,1
AAT.2010.7-6.,2
AAT.2010.7-9.,3
AAT.2011.1.4-2.,1
AAT.2011.4.4-3.,1
AAT.2011.4.4-4.,1
AAT.2011.4.4-5.,1
AAT.2011.6.1-1.,1
AAT.2011.6.1-2.,1
AAT.2011.6.1-3.,1
AAT.2011.6.2-1.,3
AAT.2011.6.2-2.,1
AAT.2011.6.2-3.,1
AAT.2011.6.3-1.,2
AAT.2011.6.3-2.,1
AAT.2011.6.3-4.,1
AAT.2011.7-11.,1
AAT.2011.7-18.,1
AAT.2011.7-19.,1
AAT.2011.7-20.,1
AAT.2011.7-22.,1
AAT.2011.7-23.,1
AAT.2011.7-9.,3
AAT.2012.1.1-1.,1
AAT.2012.1.1-2.,2
AAT.2012.1.1-3.,2
AAT.2012.1.1-5.,1
AAT.2012.1.2-2.,1
AAT.2012.1.3-2.,1
AAT.2012.1.4-2.,1
AAT.2012.3.1-2.,1
AAT.2012.3.1-3.,1
AAT.2012.3.3-2.,3
AAT.2012.3.3-4.,2
AAT.2012.3.3-6.,1
AAT.2012.3.4-1.,3
AAT.2012.3.4-2.,2
AAT.2012.3.4-5.,1
AAT.2012.3.5-1.,1
AAT.2012.3.5-2.,1
AAT.2012.4.1-2.,2
AAT.2012.4.1-4.,1
AAT.2012.4.1-5.,2
AAT.2012.4.1-6.,1
AAT.2012.4.2-4.,1
AAT.2012.4.2-6.,2
AAT.2012.4.4-1.,1
AAT.2012.5.1-1.,1
AAT.2012.6.1-5.,1
AAT.2012.6.2-4.,1
AAT.2012.6.3-1.,16
AAT.2012.6.3-2.,9
AAT.2012.7-25.,1
AAT.2012.7-26.,1
AAT.2012.7-27.,1
AAT.2012.7-28.,1
AAT.2012.7-8.,2
AAT.2012.7-9.,2
AAT.2013.1-1.,3
AAT.2013.1-2.,2
AAT.2013.1-3.,1
AAT.2013.1-4.,1
AAT.2013.2-1.,1
AAT.2013.3-1.,1
AAT.2013.4-1.,2
AAT.2013.4-2.,6
AAT.2013.4-3.,3
AAT.2013.4-4.,4
AAT.2013.4-6.,1
AAT.2013.4-7.,1
AAT.2013.7-1.,4
AAT.2013.7-2.,1
AAT.2013.7-3.,1
AAT.2013.7-4.,1
AAT.2013.7-5.,1
AAT.2013.7-6.,1
AAT.2013.7-7.,1
AAT.2013.8-1.,4
AAT.2013.8-2.,1
COH,16
COH-2,1
COH-2007-2.2-01-OMC-NET,7
COH-2012-PROCURERS,2
COST,1
EEB-ICT-2011.6.4,8
EEB-ICT-2011.6.5,10
EEB.ENERGY.2012.8.8.3,3
ENERGY,7
ENERGY 2013.2.3.2,1
ENERGY-2007-1.1-01,2
ENERGY-2007-1.1-02,1
ENERGY-2007-1.1-03,2
ENERGY-2007-1.2-01,2
ENERGY-2007-1.2-03,1
ENERGY-2007-1.2-04,1
ENERGY-2007-2.1-01,1
ENERGY-2007-2.1-02,1
ENERGY-2007-2.1-03,1
ENERGY-2007-2.1-06,2
ENERGY-2007-2.1-08,1
ENERGY-2007-2.1-09,1
ENERGY-2007-2.1-11,1
ENERGY-2007-2.2-01,1
ENERGY-2007-2.2-04,1
ENERGY-2007-2.3-01,1
ENERGY-2007-2.3-02,1
ENERGY-2007-2.3-03,1
ENERGY-2007-2.3-04,3
ENERGY-2007-2.3-06,1
ENERGY-2007-2.5-02,1
ENERGY-2007-2.5-04,1
ENERGY-2007-2.6-01,2
ENERGY-2007-2.6-03,1
ENERGY-2007-2.7-01,2
ENERGY-2007-3.1-02,1
ENERGY-2007-3.2-02,1
ENERGY-2007-3.2-03,1
ENERGY-2007-3.2-05,2
ENERGY-2007-3.2-07,1
ENERGY-2007-3.3-02,3
ENERGY-2007-3.3-03,2
ENERGY-2007-3.5-01,1
ENERGY-2007-3.6-01,1
ENERGY-2007-3.7-01,2
ENERGY-2007-3.7-03,1
ENERGY-2007-3.7-04,1
ENERGY-2007-4.1-01,1
ENERGY-2007-4.1-02,1
ENERGY-2007-4.1-03,1
ENERGY-2007-4.3-01,1
ENERGY-2007-5+6.2-01,1
ENERGY-2007-5+6.2-04,1
ENERGY-2007-5+6.2-05,1
ENERGY-2007-5.1-01,1
ENERGY-2007-5.1-03,1
ENERGY-2007-5.1-04,1
ENERGY-2007-7.1-01,1
ENERGY-2007-7.2-01,1
ENERGY-2007-7.3-01,1
ENERGY-2007-7.3-03,1
ENERGY-2007-7.3-04,2
ENERGY-2007-7.3-05,1
ENERGY-2007-8.1-02,1
ENERGY-2007-8.1-03,1
ENERGY-2007-8.2-01,3
ENERGY-2007-8.5-01,1
ENERGY-2007-8.7-01,1
ENERGY-2007-9.1-01,2
ENERGY-2007-9.1-02,2
ENERGY-2007-9.1-03,1
ENERGY-2007-9.2-01,1
ENERGY.2008.10.1.1,5
ENERGY.2008.10.1.2,10
ENERGY.2008.10.1.3,1
ENERGY.2008.2.1.1,1
ENERGY.2008.2.2.1,1
ENERGY.2008.2.2.2,2
ENERGY.2008.2.6.1,4
ENERGY.2008.3.2.1,3
ENERGY.2008.3.2.2,4
ENERGY.2008.5.2.2,1
ENERGY.2008.5.2.3,1
ENERGY.2008.5.2.4,1
ENERGY.2008.6.1.1,1
ENERGY.2008.6.1.4,1
ENERGY.2008.7.1.1,1
ENERGY.2008.7.2.1,1
ENERGY.2008.7.2.3,2
ENERGY.2008.8.1.1,3
ENERGY.2008.8.2.1,1
ENERGY.2008.8.4.1,4
ENERGY.2009.10.1.1,1
ENERGY.2009.2.1.1,5
ENERGY.2009.2.1.2,2
ENERGY.2009.2.1.3,1
ENERGY.2009.2.2.1,1
ENERGY.2009.2.4.1,1
ENERGY.2009.2.5.1,2
ENERGY.2009.2.9.1,1
ENERGY.2009.2.9.2,1
ENERGY.2009.3.2.1,1
ENERGY.2009.3.2.2,2
ENERGY.2009.3.2.3,2
ENERGY.2009.3.3.1,2
ENERGY.2009.3.7.1,1
ENERGY.2009.4.5.1,1
ENERGY.2009.5+6.2.1,1
ENERGY.2009.5.1.1,5
ENERGY.2009.5.2.1,1
ENERGY.2009.5.2.2,3
ENERGY.2009.6.1.1,2
ENERGY.2009.7.1.1,1
ENERGY.2009.7.3.1,1
ENERGY.2009.7.3.2,1
ENERGY.2009.7.3.3,2
ENERGY.2009.7.3.4,1
ENERGY.2009.8.1.1,2
ENERGY.2009.9.1.1,1
ENERGY.2009.9.2.1,2
ENERGY.2010.10.2-1,8
ENERGY.2010.2.1-1,2
ENERGY.2010.2.1-2,3
ENERGY.2010.2.3-1,1
ENERGY.2010.2.3-2,1
ENERGY.2010.2.5-1,1
ENERGY.2010.2.5-2,1
ENERGY.2010.2.9-1,2
ENERGY.2010.3.4-1,3
ENERGY.2010.3.5-1,1
ENERGY.2010.4.2-1,2
ENERGY.2010.4.5-1,1
ENERGY.2010.5&6.2-1,1
ENERGY.2010.5.2-1,1
ENERGY.2010.5.2-2,1
ENERGY.2010.5.2-3,1
ENERGY.2010.6.1-1,3
ENERGY.2010.7.1-1,2
ENERGY.2010.7.3-1,1
ENERGY.2010.8.1-1,1
ENERGY.2011.10.2-2,1
ENERGY.2011.2.1-1,1
ENERGY.2011.2.1-2,3
ENERGY.2011.2.1-3,2
ENERGY.2011.2.1-4,2
ENERGY.2011.2.3-1,3
ENERGY.2011.2.3-2,2
ENERGY.2011.2.5-1,4
ENERGY.2011.2.5-2,1
ENERGY.2011.3.7-1,2
ENERGY.2011.4.1-1,2
ENERGY.2011.4.1-2,2
ENERGY.2011.4.1-3,1
ENERGY.2011.4.1-4,3
ENERGY.2011.5&6.2-1,2
ENERGY.2011.5&6.2-3,1
ENERGY.2011.5.1-1,2
ENERGY.2011.5.2-1,3
ENERGY.2011.6.1-1,1
ENERGY.2011.7.2-1,2
ENERGY.2011.7.3-1,1
ENERGY.2011.7.3-2,2
ENERGY.2011.8.1-2,3
ENERGY.2011.8.1-3,1
ENERGY.2012.10.1.1,1
ENERGY.2012.10.1.2,1
ENERGY.2012.10.2.1,13
ENERGY.2012.2.1.1,2
ENERGY.2012.2.1.2,3
ENERGY.2012.2.3.1,2
ENERGY.2012.2.3.2,2
ENERGY.2012.2.5.1,2
ENERGY.2012.2.5.2,1
ENERGY.2012.2.6.1,2
ENERGY.2012.3.2.1,2
ENERGY.2012.3.2.2,1
ENERGY.2012.3.2.3,2
ENERGY.2012.4.1.1,1
ENERGY.2012.5&6.2.1,1
ENERGY.2012.5.2.1,1
ENERGY.2012.5.2.2,2
ENERGY.2012.7.1.1,3
ENERGY.2012.7.1.2,1
ENERGY.2012.7.1.3,2
ENERGY.2012.7.2.1,1
ENERGY.2012.7.3.1,1
ENERGY.2012.7.3.2,2
ENERGY.2012.7.3.3,1
ENERGY.2012.8.1.1,2
ENERGY.2012.8.8.1,5
ENERGY.2012.8.8.2,2
ENERGY.2013.10.1.1,1
ENERGY.2013.10.1.10,1
ENERGY.2013.10.1.3,1
ENERGY.2013.10.1.4,1
ENERGY.2013.10.1.5,1
ENERGY.2013.10.1.6,1
ENERGY.2013.10.1.8,1
ENERGY.2013.2.1.1,1
ENERGY.2013.2.1.2,1
ENERGY.2013.2.3.1,1
ENERGY.2013.2.4.1,1
ENERGY.2013.2.6.1,1
ENERGY.2013.2.7.1,1
ENERGY.2013.2.9.1,2
ENERGY.2013.2.9.2,1
ENERGY.2013.3.2.1,2
ENERGY.2013.3.7.1,1
ENERGY.2013.3.7.2,1
ENERGY.2013.4.1.1,1
ENERGY.2013.5.1.1,2
ENERGY.2013.5.1.2,6
ENERGY.2013.5.2.1,1
ENERGY.2013.6.1.1,1
ENERGY.2013.7.1.1,4
ENERGY.2013.7.2.1,1
ENERGY.2013.7.2.3,1
ENERGY.2013.7.2.4,1
ENERGY.2013.7.3.1,1
ENERGY.2013.7.3.2,1
ENERGY.2013.7.3.3,4
ENERGY.2013.8.8.1,4
ENERGY.2013.9.2.1,1
ENV-2011.3.2.2-1,1
ENV-NMP.2011.2.2-5,4
ENV-NMP.2011.3.2.1-1,3
ENV.2.2.,1
ENV.2007.1.1.1.1.,1
ENV.2007.1.1.2.1.,2
ENV.2007.1.1.3.1.,1
ENV.2007.1.1.5.1.,1
ENV.2007.1.1.5.2.,1
ENV.2007.1.1.5.3.,1
ENV.2007.1.1.6.1.,1
ENV.2007.1.1.6.3.,1
ENV.2007.1.2.1.1.,2
ENV.2007.1.2.1.2.,3
ENV.2007.1.2.2.2.,1
ENV.2007.1.2.3.1.,1
ENV.2007.1.2.3.2.,1
ENV.2007.1.3.1.1.,1
ENV.2007.1.3.2.1.,2
ENV.2007.1.3.3.1.,1
ENV.2007.1.3.3.3.,1
ENV.2007.2.1.2.2.,1
ENV.2007.2.1.2.3.,1
ENV.2007.2.1.2.4.,1
ENV.2007.2.1.4.1.,1
ENV.2007.2.1.4.2.,1
ENV.2007.2.1.4.3.,3
ENV.2007.2.1.5.1.,2
ENV.2007.2.2.1.2.,2
ENV.2007.2.2.1.3.,1
ENV.2007.2.2.1.4.,1
ENV.2007.2.2.1.6.,1
ENV.2007.2.2.1.8.,1
ENV.2007.3.1.1.1.,1
ENV.2007.3.1.1.2.,1
ENV.2007.3.1.2.1.,2
ENV.2007.3.1.2.2.,3
ENV.2007.3.1.3.2.,2
ENV.2007.3.1.3.3.,1
ENV.2007.3.1.5.1.,1
ENV.2007.3.1.5.2.,2
ENV.2007.3.2.1.1.,4
ENV.2007.3.2.2.1.,1
ENV.2007.3.2.2.2.,1
ENV.2007.3.3.1.1.,2
ENV.2007.4.1.1.1.,1
ENV.2007.4.1.1.2.,1
ENV.2007.4.1.3.2.,2
ENV.2007.4.1.3.3.,1
ENV.2007.4.1.4.1.,1
ENV.2007.4.1.4.2.,2
ENV.2007.4.1.4.3.,1
ENV.2007.4.2.1.1.,2
ENV.2007.4.2.1.3.,1
ENV.2007.4.2.2.1.,1
ENV.2007.4.2.3.1.,1
ENV.2007.4.2.3.2.,5
ENV.2007.5.1.1.1.,1
ENV.2008.1.1.1.1.,1
ENV.2008.1.1.2.1.,2
ENV.2008.1.1.3.1.,1
ENV.2008.1.1.4.1.,1
ENV.2008.1.1.5.1.,1
ENV.2008.1.1.5.2.,1
ENV.2008.1.1.6.1.,1
ENV.2008.1.1.6.2.,1
ENV.2008.1.1.6.3.,1
ENV.2008.1.2.1.1.,1
ENV.2008.1.2.1.2.,2
ENV.2008.1.2.1.3.,1
ENV.2008.1.2.1.4.,2
ENV.2008.1.2.1.5.,1
ENV.2008.1.2.1.6.,1
ENV.2008.1.3.1.1.,1
ENV.2008.1.3.2.1.,1
ENV.2008.1.3.3.1.,1
ENV.2008.1.3.3.2.,1
ENV.2008.2.1.2.1.,1
ENV.2008.2.1.2.2.,1
ENV.2008.2.1.2.3.,1
ENV.2008.2.1.3.1.,1
ENV.2008.2.1.4.1.,1
ENV.2008.2.1.4.4.,1
ENV.2008.2.1.6.1.,1
ENV.2008.2.2.1.1.,1
ENV.2008.2.2.1.2.,1
ENV.2008.2.2.1.3.,1
ENV.2008.3.1.1.1.,1
ENV.2008.3.1.1.2.,4
ENV.2008.3.1.2.1.,2
ENV.2008.3.1.3.1.,1
ENV.2008.3.1.3.2.,2
ENV.2008.3.1.4.1.,1
ENV.2008.3.1.5.1.,2
ENV.2008.3.1.6.1.,1
ENV.2008.3.2.1.1.,1
ENV.2008.3.2.1.2.,2
ENV.2008.3.2.2.1.,2
ENV.2008.3.3.1.1.,1
ENV.2008.3.3.2.1.,1
ENV.2008.3.3.3.1.,1
ENV.2008.4.1.1.1.,1
ENV.2008.4.1.2.1.,1
ENV.2008.4.1.3.1.,1
ENV.2008.4.1.4.1.,1
ENV.2008.4.2.2.1.,3
ENV.2008.4.2.3.1.,3
ENV.2008.4.2.3.2.,4
ENV.2008.5.1.0.1.,2
ENV.2008.5.1.0.2.,1
ENV.2009.1.1.1.1,1
ENV.2009.1.1.3.1,1
ENV.2009.1.1.4.1,1
ENV.2009.1.1.5.1,1
ENV.2009.1.1.5.2,2
ENV.2009.1.1.6.1,2
ENV.2009.1.1.6.2,1
ENV.2009.1.1.6.3,1
ENV.2009.1.1.6.4,1
ENV.2009.1.2.1.1,1
ENV.2009.1.2.1.2,1
ENV.2009.1.2.2.1,1
ENV.2009.1.2.2.2,1
ENV.2009.1.2.3.1,1
ENV.2009.1.3.1.1,1
ENV.2009.1.3.2.1,1
ENV.2009.1.3.2.2,1
ENV.2009.1.3.3.1,1
ENV.2009.2.1.2.1,1
ENV.2009.2.1.3.1,2
ENV.2009.2.1.3.2,2
ENV.2009.2.1.4.1,1
ENV.2009.2.1.5.1,1
ENV.2009.2.1.6.1,1
ENV.2009.2.1.6.2,1
ENV.2009.2.2.1.1,2
ENV.2009.2.2.1.2,1
ENV.2009.2.2.1.3,1
ENV.2009.2.2.1.4,1
ENV.2009.2.2.1.5,1
ENV.2009.2.2.1.6,1
ENV.2009.3.1.1.1,1
ENV.2009.3.1.3.1,1
ENV.2009.3.1.3.2,3
ENV.2009.3.1.5.1,2
ENV.2009.3.1.5.2,2
ENV.2009.3.1.6.1,1
ENV.2009.3.2.1.1,2
ENV.2009.3.2.1.2,1
ENV.2009.3.3.1.1,1
ENV.2009.3.3.2.1,1
ENV.2009.4.1.2.1,1
ENV.2009.4.1.3.1,1
ENV.2009.4.1.3.2,2
ENV.2009.4.1.4.1,2
ENV.2009.4.2.1.1,1
ENV.2009.4.2.3.1,1
ENV.2009.4.2.3.2,3
ENV.2009.5.1.0.1,1
ENV.2009.5.1.0.2,4
ENV.2010.1.1.2-1,1
ENV.2010.1.1.2-2,1
ENV.2010.1.1.3-1,1
ENV.2010.1.1.4-1,2
ENV.2010.1.1.5-1,1
ENV.2010.1.1.6-1,1
ENV.2010.1.1.6-2,1
ENV.2010.1.1.6-3,1
ENV.2010.1.2.1-1,1
ENV.2010.1.2.2-1,1
ENV.2010.1.2.2-2,2
ENV.2010.1.2.3-1,1
ENV.2010.1.2.3-2,2
ENV.2010.1.3.2-1,1
ENV.2010.1.3.3-1,1
ENV.2010.1.3.4-1,1
ENV.2010.2.1.1-1,1
ENV.2010.2.1.1-2,1
ENV.2010.2.1.2-1,1
ENV.2010.2.1.4-1,1
ENV.2010.2.1.4-2,1
ENV.2010.2.1.4-3,1
ENV.2010.2.1.4-4,1
ENV.2010.2.1.5-1,1
ENV.2010.2.2.1-1,1
ENV.2010.2.2.1-2,1
ENV.2010.2.2.1-3,1
ENV.2010.3.1.1-1,1
ENV.2010.3.1.1-2,2
ENV.2010.3.1.1-3,2
ENV.2010.3.1.1-4,2
ENV.2010.3.1.3-1,2
ENV.2010.3.1.3-2,1
ENV.2010.3.1.4-1,1
ENV.2010.3.1.4-2,1
ENV.2010.3.1.5-1,1
ENV.2010.3.1.5-2,2
ENV.2010.3.1.7-1,1
ENV.2010.3.1.8-1,1
ENV.2010.3.2.1-1,2
ENV.2010.3.3.1-1,1
ENV.2010.3.3.2-1,1
ENV.2010.4.1.1-1,1
ENV.2010.4.1.2-1,1
ENV.2010.4.1.2-2,1
ENV.2010.4.1.3-1,1
ENV.2010.4.1.3-2,1
ENV.2010.4.1.4-1,2
ENV.2010.4.2.1-1,1
ENV.2010.4.2.2-1,1
ENV.2010.4.2.3-1,3
ENV.2010.4.2.3-2,1
ENV.2010.4.2.3-3,2
ENV.2010.5.1.0-1,3
ENV.2010.5.1.0-2,2
ENV.2011.1.1.1-1,1
ENV.2011.1.1.2-1,1
ENV.2011.1.1.2-2,1
ENV.2011.1.1.3-1,1
ENV.2011.1.1.5-1,1
ENV.2011.1.1.6-1,1
ENV.2011.1.1.6-2,1
ENV.2011.1.2.1-1,1
ENV.2011.1.2.2-1,1
ENV.2011.1.2.2-2,1
ENV.2011.1.2.3-1,1
ENV.2011.1.2.3-2,1
ENV.2011.1.3.1-1,1
ENV.2011.1.3.2-1,1
ENV.2011.1.3.2-2,1
ENV.2011.1.3.3-1,1
ENV.2011.1.3.4-1,1
ENV.2011.2.1.1-1,2
ENV.2011.2.1.2-1,1
ENV.2011.2.1.4-1,1
ENV.2011.2.1.4-2,1
ENV.2011.2.1.4-3,2
ENV.2011.2.1.5-1,1
ENV.2011.2.1.5-2,1
ENV.2011.2.1.6-1,1
ENV.2011.3.1.1-1,1
ENV.2011.3.1.1-2,1
ENV.2011.3.1.9-1,14
ENV.2011.3.1.9-2,1
ENV.2011.3.1.9-3,1
ENV.2011.3.1.9-4,2
ENV.2011.4.1.1-1,1
ENV.2011.4.1.3-1,1
ENV.2011.4.1.4-1,1
ENV.2011.4.1.4-2,1
ENV.2011.4.2.1-1,1
ENV.2011.4.2.2-1,1
ENV.2011.4.2.3-1,5
ENV.2011.5.1.0-1,2
ENV.2012.6.1-1,3
ENV.2012.6.1-2,2
ENV.2012.6.1-3,3
ENV.2012.6.1-4,2
ENV.2012.6.1-5,1
ENV.2012.6.1-6,1
ENV.2012.6.2-1,2
ENV.2012.6.2-2,1
ENV.2012.6.2-3,1
ENV.2012.6.2-4,1
ENV.2012.6.2-5,1
ENV.2012.6.2-6,2
ENV.2012.6.3-1,14
ENV.2012.6.3-2,3
ENV.2012.6.3-3,1
ENV.2012.6.3-4,1
ENV.2012.6.3-5,1
ENV.2012.6.4-1,2
ENV.2012.6.4-2,3
ENV.2012.6.4-3,2
ENV.2012.6.5-1,5
ENV.2012.6.5-2,5
ENV.2012.6.5-4,1
ENV.2012.6.6-1,5
ENV.2013.6.1-1,3
ENV.2013.6.1-2,3
ENV.2013.6.1-3,3
ENV.2013.6.1-4,1
ENV.2013.6.1-5,1
ENV.2013.6.1-6,1
ENV.2013.6.2-1,2
ENV.2013.6.2-2,1
ENV.2013.6.2-3,4
ENV.2013.6.2-4,1
ENV.2013.6.2-5,1
ENV.2013.6.2-6,1
ENV.2013.6.2-7,1
ENV.2013.6.2-8,1
ENV.2013.6.3-1,10
ENV.2013.6.3-2,4
ENV.2013.6.3-3,1
ENV.2013.6.4-1,1
ENV.2013.6.4-2,1
ENV.2013.6.4-3,3
ENV.2013.6.4-4,2
ENV.2013.6.5-1,3
ENV.2013.6.5-2,7
ENV.2013.6.5-3,3
ENV.2013.6.5-4,3
ENV.2013.6.5-5,1
ENV.2013.6.5-6,1
ENV.2013.WATER INNO&DEMO-1,10
ENV.2013.WATER INNO&DEMO-2,1
ERA-FC.2011.1,1
ERA-GPC.2010.1,1
ERA-JP.2012.1,1
ERA-NET.2010.1,1
ERACHAIRS-2013-1,11
ERANET,2
ERANET.2007.1,2
ERANET.2007.2,1
ERANET.2008.1,6
ERANET.2008.2,2
ERANET.2008.4,3
ERARESORG.2007.1,1
ERC-2012-SyG,11
ERC-2013-SyG,13
ERC-AG-ID1,80
ERC-AG-LS1,68
ERC-AG-LS2,61
ERC-AG-LS3,55
ERC-AG-LS4,66
ERC-AG-LS5,79
ERC-AG-LS6,69
ERC-AG-LS7,89
ERC-AG-LS8,65
ERC-AG-LS9,41
ERC-AG-PE1,96
ERC-AG-PE10,65
ERC-AG-PE2,93
ERC-AG-PE3,80
ERC-AG-PE4,62
ERC-AG-PE5,88
ERC-AG-PE6,65
ERC-AG-PE7,50
ERC-AG-PE8,78
ERC-AG-PE9,60
ERC-AG-SH1,54
ERC-AG-SH2,58
ERC-AG-SH3,23
ERC-AG-SH4,68
ERC-AG-SH5,37
ERC-AG-SH6,59
ERC-CG-2013-LS1,10
ERC-CG-2013-LS2,13
ERC-CG-2013-LS3,11
ERC-CG-2013-LS4,14
ERC-CG-2013-LS5,16
ERC-CG-2013-LS6,13
ERC-CG-2013-LS7,15
ERC-CG-2013-LS8,14
ERC-CG-2013-LS9,9
ERC-CG-2013-PE1,12
ERC-CG-2013-PE10,15
ERC-CG-2013-PE2,19
ERC-CG-2013-PE3,16
ERC-CG-2013-PE4,12
ERC-CG-2013-PE5,13
ERC-CG-2013-PE6,17
ERC-CG-2013-PE7,8
ERC-CG-2013-PE8,15
ERC-CG-2013-PE9,12
ERC-CG-2013-SH1,11
ERC-CG-2013-SH2,12
ERC-CG-2013-SH3,6
ERC-CG-2013-SH4,12
ERC-CG-2013-SH5,9
ERC-CG-2013-SH6,9
ERC-OA-2008-EPS,2
ERC-OA-2011-PoC,51
ERC-OA-2012-PoC,60
ERC-OA-2013-Gender,1
ERC-OA-2013-PoC,67
ERC-SG-ID1,50
ERC-SG-LS1,110
ERC-SG-LS2,101
ERC-SG-LS3,83
ERC-SG-LS4,95
ERC-SG-LS5,115
ERC-SG-LS6,90
ERC-SG-LS7,106
ERC-SG-LS8,68
ERC-SG-LS9,53
ERC-SG-PE1,122
ERC-SG-PE10,67
ERC-SG-PE2,126
ERC-SG-PE3,117
ERC-SG-PE4,105
ERC-SG-PE5,132
ERC-SG-PE6,128
ERC-SG-PE7,74
ERC-SG-PE8,93
ERC-SG-PE9,64
ERC-SG-SH1,78
ERC-SG-SH2,108
ERC-SG-SH3,54
ERC-SG-SH4,94
ERC-SG-SH5,42
ERC-SG-SH6,57
EeB-ENERGY.2010.8.1-2,2
EeB-ICT-2010.10.2,6
EeB-NMP.2011-1,3
EeB.ENERGY.2011.8.1-1,5
EeB.ENV.2010.3.2.4-1,1
EeB.ENV.2011.3.1.5-1,2
EeB.ENV.2011.3.1.5-2,1
EeB.ENV.2012.6.6-2,1
EeB.ENV.2013.6.3-4,2
EeB.NMP.2010-1,6
EeB.NMP.2010-2,2
EeB.NMP.2011-2,2
EeB.NMP.2011-3,3
EeB.NMP.2011-4,1
EeB.NMP.2012-1,2
EeB.NMP.2012-2,3
EeB.NMP.2012-3,3
EeB.NMP.2012-4,3
EeB.NMP.2012-5,4
EeB.NMP.2012-6,2
EeB.NMP.2013-1,5
EeB.NMP.2013-2,4
EeB.NMP.2013-3,3
EeB.NMP.2013-4,3
EeB.NMP.2013-5,4
EeB.NMP.2013-6,2
FI.ICT-2011.1.10,1
FI.ICT-2011.1.7,1
FI.ICT-2011.1.8,13
FI.ICT-2011.1.9,2
FI.ICT-2013.1.9,5
FP7-2008-PEOPLE-NIGHT,41
FP7-CDRP-2013-EUR-CD,2
FP7-CDRP-2013-INCUBATORS,2
FP7-ENVIRONMENT,5
FP7-IDEAS-ERC,2
FP7-PEOPLE-2009-EURAXESS,1
FP7-PEOPLE-2009-IAPP,64
FP7-PEOPLE-2009-IEF,578
FP7-PEOPLE-2009-IIF,173
FP7-PEOPLE-2009-IOF,124
FP7-PEOPLE-2009-IRSES,111
FP7-PEOPLE-2009-NIGHT,94
FP7-PEOPLE-2009-RG,860
FP7-PEOPLE-2010-COFUND,32
FP7-PEOPLE-2010-IEF,518
FP7-PEOPLE-2010-IIF,154
FP7-PEOPLE-2010-IOF,123
FP7-PEOPLE-2010-IRSES,98
FP7-PEOPLE-2010-ITN,70
FP7-PEOPLE-2011-CIG,468
FP7-PEOPLE-2011-COFUND,22
FP7-PEOPLE-2011-EURAXESS-II,1
FP7-PEOPLE-2011-IAPP,64
FP7-PEOPLE-2011-IEF,605
FP7-PEOPLE-2011-IIF,228
FP7-PEOPLE-2011-IOF,173
FP7-PEOPLE-2011-IRSES,95
FP7-PEOPLE-2011-ITN,93
FP7-PEOPLE-2011-NCP,1
FP7-PEOPLE-2011-NIGHT,52
FP7-PEOPLE-2012-CIG,451
FP7-PEOPLE-2012-COFUND,35
FP7-PEOPLE-2012-EURAXESS-IU,4
FP7-PEOPLE-2012-IAPP,61
FP7-PEOPLE-2012-IEF,625
FP7-PEOPLE-2012-IIF,219
FP7-PEOPLE-2012-IOF,165
FP7-PEOPLE-2012-IRSES,104
FP7-PEOPLE-2012-ITN,142
FP7-PEOPLE-2012-NIGHT,53
FP7-PEOPLE-2013-CIG,453
FP7-PEOPLE-2013-COFUND,31
FP7-PEOPLE-2013-IAPP,58
FP7-PEOPLE-2013-IEF,686
FP7-PEOPLE-2013-IIF,224
FP7-PEOPLE-2013-IOF,177
FP7-PEOPLE-2013-IRSES,96
FP7-PEOPLE-2013-ITN,171
FP7-PEOPLE-2013-NIGHT,53
FP7-PEOPLE-COFUND-2008,26
FP7-PEOPLE-ERG-2008,13
FP7-PEOPLE-IAPP-2008,49
FP7-PEOPLE-IEF-2008,439
FP7-PEOPLE-IIF-2008,164
FP7-PEOPLE-IOF-2008,108
FP7-PEOPLE-IRG-2008,10
FP7-PEOPLE-IRSES-2008,56
FP7-PEOPLE-ITN-2008,105
Fission,4
Fission-2007-1.1-01,2
Fission-2007-1.2-01,1
Fission-2007-2.1-03,1
Fission-2007-2.1-04,1
Fission-2007-2.2-01,1
Fission-2007-3.1-01,2
Fission-2007-3.1-02,1
Fission-2007-3.2-01,4
Fission-2007-4.1-02,1
Fission-2007-4.1-03,1
Fission-2007-4.2-01,1
Fission-2007-6.0.01,1
Fission-2007-6.0.02,1
Fission-2007-6.0.04,2
Fission-2008-1.1.1,1
Fission-2008-1.1.2,1
Fission-2008-1.2.1,1
Fission-2008-1.2.2,1
Fission-2008-2.1.1,1
Fission-2008-2.1.2,1
Fission-2008-2.1.3,1
Fission-2008-2.2.1,1
Fission-2008-3.1.1,1
Fission-2008-3.2.1,1
Fission-2008-3.3.1,1
Fission-2008-4.1.1,1
Fission-2008-4.2.1,1
Fission-2008-5.1.1,3
Fission-2008-6.0.1,1
Fission-2008-6.0.3,2
Fission-2008-6.0.4,1
Fission-2009-1.1.1,1
Fission-2009-1.1.2,1
Fission-2009-1.1.3,1
Fission-2009-2.1.1,1
Fission-2009-2.1.2,1
Fission-2009-2.2.1,2
Fission-2009-2.2.2,1
Fission-2009-2.3.1,1
Fission-2009-2.3.2,1
Fission-2009-2.3.3,3
Fission-2009-3.1.1,1
Fission-2009-3.1.2,1
Fission-2009-5.1.1,2
Fission-2009-7.0.1,1
Fission-2009-7.0.3,1
Fission-2009-7.0.4,1
Fission-2010-1.1.1,1
Fission-2010-1.1.2,5
Fission-2010-2.1.1,1
Fission-2010-2.3.1,3
Fission-2010-2.3.3,1
Fission-2010-3.1.1,1
Fission-2010-3.2.1,1
Fission-2010-3.3.1,1
Fission-2010-3.5.1,1
Fission-2010-4.2.1,2
Fission-2010-6.0.1,1
Fission-2010-7.0.1,1
Fission-2010-7.0.2,1
Fission-2010-7.0.3,1
Fission-2011-1.1.1,2
Fission-2011-1.1.2,1
Fission-2011-2.2.1,2
Fission-2011-2.3.1,6
Fission-2011-3.1.1,3
Fission-2011-3.5.1,1
Fission-2011-4.2.1,2
Fission-2011-5.1.1,2
Fission-2011-6.0.2,1
Fission-2012-1.1.1,1
Fission-2012-1.1.2,1
Fission-2012-2.1.1,1
Fission-2012-2.1.2,1
Fission-2012-2.3.1,3
Fission-2012-2.3.2,1
Fission-2012-3.1.1,2
Fission-2012-3.3.1,1
Fission-2012-4.2.1,1
Fission-2012-5.1.1,1
Fission-2012-6.0.1,1
Fission-2013-1.1.2,1
Fission-2013-2.1.1,1
Fission-2013-2.1.2,1
Fission-2013-2.2.1,1
Fission-2013-2.3.1,1
Fission-2013-2.4.1,1
Fission-2013-3.1.1,1
Fission-2013-3.3.1,1
Fission-2013-3.4.1,1
Fission-2013-4.1.1,1
Fission-2013-4.1.2,2
Fission-2013-5.1.1,5
Fission-2013-6.0.1,2
Fission-2013-6.0.2,2
FoF-ICT-2011.7.1,10
FoF-ICT-2011.7.2,2
FoF-ICT-2011.7.3,10
FoF-ICT-2011.7.4,8
FoF-ICT-2013.7.1,6
FoF-ICT-2013.7.2,5
FoF.ICT.2010.10.1,8
FoF.NMP.2010-1,6
FoF.NMP.2010-2,6
FoF.NMP.2010-3,5
FoF.NMP.2011-1,3
FoF.NMP.2011-2,3
FoF.NMP.2011-3,4
FoF.NMP.2011-4,2
FoF.NMP.2011-5,4
FoF.NMP.2011-6,2
FoF.NMP.2012-1,2
FoF.NMP.2012-2,3
FoF.NMP.2012-3,3
FoF.NMP.2012-4,4
FoF.NMP.2012-5,4
FoF.NMP.2012-6,4
FoF.NMP.2012-7,5
FoF.NMP.2013-1,2
FoF.NMP.2013-10,13
FoF.NMP.2013-11,4
FoF.NMP.2013-2,2
FoF.NMP.2013-3,2
FoF.NMP.2013-4,1
FoF.NMP.2013-5,3
FoF.NMP.2013-6,5
FoF.NMP.2013-7,4
FoF.NMP.2013-8,3
FoF.NMP.2013-9,3
Fusion-2007-7.1,1
Fusion-2007-7.2,1
Fusion-2007-7.3,1
Fusion-7,1
GA,5
GALILEO-2007-3.1-01,3
GALILEO-2007-4.3-01,1
GC-ENERGY 2010.10.2-2,1
GC-ICT-2010.10.3,7
GC-ICT-2011.6.8,18
GC-ICT-2013.6.7,7
GC-SST.2010.7-1.,1
GC-SST.2010.7-2.,3
GC-SST.2010.7-3.,2
GC-SST.2010.7-4.,3
GC-SST.2010.7-5.,6
GC-SST.2010.7-6.,1
GC-SST.2010.7-7.,1
GC-SST.2010.7-8.,1
GC-SST.2010.7-9.,3
GC.ENV.2011.3.1.3-2,1
GC.NMP.2010-1,5
GC.NMP.2011-1,2
GC.NMP.2012-1,4
GC.NMP.2012-2,3
GC.NMP.2013-1,3
GC.SST.2011.7-1.,1
GC.SST.2011.7-10.,3
GC.SST.2011.7-11.,1
GC.SST.2011.7-3.,1
GC.SST.2011.7-4.,2
GC.SST.2011.7-5.,1
GC.SST.2011.7-6.,1
GC.SST.2011.7-7.,4
GC.SST.2011.7-8.,1
GC.SST.2011.7-9.,1
GC.SST.2012.1-1.,1
GC.SST.2012.1-2.,2
GC.SST.2012.1-4.,2
GC.SST.2012.1-5.,1
GC.SST.2012.1-6.,1
GC.SST.2012.1-7.,1
GC.SST.2012.2-1.,1
GC.SST.2012.2-2.,1
GC.SST.2012.2-3.,1
GC.SST.2012.3-1.,2
GC.SST.2012.3-3.,2
GC.SST.2012.3-4.,1
GC.SST.2013-1.,1
GC.SST.2013-2.,4
GC.SST.2013-3.,5
GC.SST.2013-4.,1
GC.SST.2013-5.,1
GC.SST.2013-6.,1
GC.SST.2013-7.,2
Galileo.2008.3.1.4,3
Galileo.2011.3.1-1.,3
HEALTH,5
HEALTH 2011.4.1-3,1
HEALTH-2007-1.1-1,1
HEALTH-2007-1.1-2,1
HEALTH-2007-1.1-3,1
HEALTH-2007-1.1-4,10
HEALTH-2007-1.2-1,5
HEALTH-2007-1.2-2,6
HEALTH-2007-1.2-3,1
HEALTH-2007-1.2-4,1
HEALTH-2007-1.2-5,1
HEALTH-2007-1.2-6,3
HEALTH-2007-1.3-1,2
HEALTH-2007-1.3-2,1
HEALTH-2007-1.3-3,1
HEALTH-2007-1.3-4,1
HEALTH-2007-1.4-1,2
HEALTH-2007-1.4-2,2
HEALTH-2007-1.4-3,1
HEALTH-2007-1.4-4,1
HEALTH-2007-1.4-5,3
HEALTH-2007-1.4-6,2
HEALTH-2007-1.4-7,6
HEALTH-2007-1.4-8,1
HEALTH-2007-2.1.1-2,2
HEALTH-2007-2.1.1-4,1
HEALTH-2007-2.1.1-5,2
HEALTH-2007-2.1.1-6,1
HEALTH-2007-2.1.1-7,1
HEALTH-2007-2.1.2-1,1
HEALTH-2007-2.1.2-2,1
HEALTH-2007-2.1.2-3,1
HEALTH-2007-2.1.2-4,1
HEALTH-2007-2.1.2-5,17
HEALTH-2007-2.1.2-6,4
HEALTH-2007-2.1.2-7,1
HEALTH-2007-2.2.1-1,1
HEALTH-2007-2.2.1-10,2
HEALTH-2007-2.2.1-2,3
HEALTH-2007-2.2.1-3,1
HEALTH-2007-2.2.1-4,3
HEALTH-2007-2.2.1-5,1
HEALTH-2007-2.2.1-6,3
HEALTH-2007-2.2.1-7,6
HEALTH-2007-2.2.1-8,1
HEALTH-2007-2.2.1-9,2
HEALTH-2007-2.2.2-1,1
HEALTH-2007-2.2.2-2,1
HEALTH-2007-2.2.2-3,1
HEALTH-2007-2.2.2-4,1
HEALTH-2007-2.2.2-5,1
HEALTH-2007-2.3.1-1,4
HEALTH-2007-2.3.1-2,2
HEALTH-2007-2.3.1-4,4
HEALTH-2007-2.3.2-1,3
HEALTH-2007-2.3.2-10,1
HEALTH-2007-2.3.2-11,2
HEALTH-2007-2.3.2-12,5
HEALTH-2007-2.3.2-13,3
HEALTH-2007-2.3.2-14,2
HEALTH-2007-2.3.2-2,5
HEALTH-2007-2.3.2-3,4
HEALTH-2007-2.3.2-4,4
HEALTH-2007-2.3.2-5,1
HEALTH-2007-2.3.2-6,2
HEALTH-2007-2.3.2-7,1
HEALTH-2007-2.3.2-9,4
HEALTH-2007-2.3.3-1,2
HEALTH-2007-2.3.3-2,1
HEALTH-2007-2.3.3-4,3
HEALTH-2007-2.3.3-6,1
HEALTH-2007-2.3.3-7,3
HEALTH-2007-2.3.3-8,2
HEALTH-2007-2.3.3-9,1
HEALTH-2007-2.3.4-1,5
HEALTH-2007-2.3.4-2,2
HEALTH-2007-2.3.4-3,1
HEALTH-2007-2.4.1-1,3
HEALTH-2007-2.4.1-10,1
HEALTH-2007-2.4.1-11,1
HEALTH-2007-2.4.1-12,2
HEALTH-2007-2.4.1-13,1
HEALTH-2007-2.4.1-14,1
HEALTH-2007-2.4.1-2,6
HEALTH-2007-2.4.1-3,4
HEALTH-2007-2.4.1-4,4
HEALTH-2007-2.4.1-5,2
HEALTH-2007-2.4.1-6,4
HEALTH-2007-2.4.1-7,4
HEALTH-2007-2.4.1-8,2
HEALTH-2007-2.4.2-1,1
HEALTH-2007-2.4.2-2,1
HEALTH-2007-2.4.2-3,1
HEALTH-2007-2.4.2-4,2
HEALTH-2007-2.4.2-5,2
HEALTH-2007-2.4.2-6,2
HEALTH-2007-2.4.2-7,2
HEALTH-2007-2.4.3-1,2
HEALTH-2007-2.4.3-3,1
HEALTH-2007-2.4.3-4,2
HEALTH-2007-2.4.3-5,1
HEALTH-2007-2.4.3-6,2
HEALTH-2007-2.4.3-7,1
HEALTH-2007-2.4.3-8,1
HEALTH-2007-2.4.3-9,1
HEALTH-2007-2.4.4-1,10
HEALTH-2007-2.4.4-2,1
HEALTH-2007-2.4.5-1,1
HEALTH-2007-2.4.5-10,1
HEALTH-2007-2.4.5-11,1
HEALTH-2007-2.4.5-12,1
HEALTH-2007-2.4.5-2,2
HEALTH-2007-2.4.5-3,2
HEALTH-2007-2.4.5-4,1
HEALTH-2007-2.4.5-5,1
HEALTH-2007-2.4.5-6,2
HEALTH-2007-2.4.5-7,1
HEALTH-2007-2.4.5-9,1
HEALTH-2007-3.1-1,4
HEALTH-2007-3.1-3,2
HEALTH-2007-3.1-4,3
HEALTH-2007-3.1-5,5
HEALTH-2007-3.1-6,2
HEALTH-2007-3.2-1,1
HEALTH-2007-3.2-2,3
HEALTH-2007-3.2-3,2
HEALTH-2007-3.2-4,1
HEALTH-2007-3.2-6,2
HEALTH-2007-3.2-7,1
HEALTH-2007-3.2-8,1
HEALTH-2007-3.3-1,6
HEALTH-2007-3.3-2,1
HEALTH-2007-3.3-3,1
HEALTH-2007-3.3-4,2
HEALTH-2007-3.4-1,2
HEALTH-2007-3.4-2,1
HEALTH-2007-3.4-3,1
HEALTH-2007-3.4-4,1
HEALTH-2007-3.4-5,1
HEALTH-2007-3.4-6,1
HEALTH-2007-3.5-1,2
HEALTH-2007-3.5-2,6
HEALTH-2007-3.5-4,1
HEALTH-2007-4.1-1,1
HEALTH-2007-4.1-2,1
HEALTH-2007-4.1-3,1
HEALTH-2007-4.1-4,2
HEALTH-2007-4.1-5,5
HEALTH-2007-4.1-6,2
HEALTH-2007-4.1-7,2
HEALTH-2007-4.1-8,3
HEALTH-2007-4.2-1,6
HEALTH-2007-4.2-2,1
HEALTH-2007-4.2-3,3
HEALTH-2007-4.2-4,1
HEALTH-2007-4.2-5,1
HEALTH-2009-1.1-3,1
HEALTH-2009-1.2-1,3
HEALTH-2009-1.2-2,1
HEALTH-2009-1.2-3,1
HEALTH-2009-1.2-4,1
HEALTH-2009-1.2-5,2
HEALTH-2009-1.2-6,1
HEALTH-2009-1.3-1,1
HEALTH-2009-1.4-1,3
HEALTH-2009-1.4-2,3
HEALTH-2009-1.4-3,3
HEALTH-2009-2.1.1-1,3
HEALTH-2009-2.1.1-2,2
HEALTH-2009-2.1.2-1,5
HEALTH-2009-2.2.1-1,1
HEALTH-2009-2.2.1-2,1
HEALTH-2009-2.2.1-3,1
HEALTH-2009-2.2.1-4,2
HEALTH-2009-2.2.1-5,1
HEALTH-2009-2.3.1-2,4
HEALTH-2009-2.3.1-3,1
HEALTH-2009-2.3.2-1,1
HEALTH-2009-2.3.2-2,1
HEALTH-2009-2.3.2-3,1
HEALTH-2009-2.3.2-4,1
HEALTH-2009-2.3.2-5,1
HEALTH-2009-2.3.2-6,1
HEALTH-2009-2.4.2-1,1
HEALTH-2009-2.4.2-2,1
HEALTH-2009-2.4.2-3,2
HEALTH-2009-2.4.3-1,1
HEALTH-2009-2.4.3-2,1
HEALTH-2009-2.4.3-3,1
HEALTH-2009-2.4.4-1,7
HEALTH-2009-2.4.4-2,2
HEALTH-2009-2.4.5-1,2
HEALTH-2009-2.4.5-2,1
HEALTH-2009-3.1-1,1
HEALTH-2009-3.1-2,3
HEALTH-2009-3.1-3,1
HEALTH-2009-3.1-4,2
HEALTH-2009-3.2-1,2
HEALTH-2009-3.2-2,4
HEALTH-2009-3.2-3,2
HEALTH-2009-3.2-4,1
HEALTH-2009-3.2-5,1
HEALTH-2009-3.3-1,2
HEALTH-2009-3.3-2,1
HEALTH-2009-3.3-3,1
HEALTH-2009-3.3-4,1
HEALTH-2009-3.3-5,1
HEALTH-2009-4.1-1,1
HEALTH-2009-4.1-2,2
HEALTH-2009-4.2-1,3
HEALTH-2009-4.2-2,1
HEALTH-2009-4.2-3,1
HEALTH-2009-4.2-4,1
HEALTH-2009-4.3.1-1,3
HEALTH-2009-4.3.1-2,1
HEALTH-2009-4.3.1-3,1
HEALTH-2009-4.3.2-1,3
HEALTH-2009-4.3.2-2,2
HEALTH-2009-4.3.2-3,1
HEALTH-2009-4.3.3-1,1
HEALTH-2009-4.3.3-2,1
HEALTH-2011.1.1-2,4
HEALTH-2011.2.2.1-1,1
HEALTH-2011.2.2.1-2,3
HEALTH-2011.2.2.1-3,2
HEALTH-2011.2.2.1-4,1
HEALTH-2011.4.1-4,1
HEALTH-2011.4.2-1,3
HEALTH-2012.2.3.1-1,1
HEALTH.2010.1.1-1,1
HEALTH.2010.1.1-3,1
HEALTH.2010.1.2-1,7
HEALTH.2010.1.2-3,1
HEALTH.2010.1.2-4,2
HEALTH.2010.1.4-1,2
HEALTH.2010.2.1.1-1,1
HEALTH.2010.2.1.1-2,3
HEALTH.2010.2.1.2-1,4
HEALTH.2010.2.1.2-2,2
HEALTH.2010.2.1.2-3,1
HEALTH.2010.2.2.2-1,1
HEALTH.2010.2.2.2-2,1
HEALTH.2010.2.2.2-4,1
HEALTH.2010.2.2.2-5,1
HEALTH.2010.2.3.2-1,1
HEALTH.2010.2.3.2-2,1
HEALTH.2010.2.3.2-3,1
HEALTH.2010.2.3.2-4,1
HEALTH.2010.2.3.3-1,1
HEALTH.2010.2.3.3-2,1
HEALTH.2010.2.3.3-3,5
HEALTH.2010.2.3.3-4,3
HEALTH.2010.2.3.4-1,1
HEALTH.2010.2.3.4-2,1
HEALTH.2010.2.4.1-1,1
HEALTH.2010.2.4.1-2,1
HEALTH.2010.2.4.1-3,1
HEALTH.2010.2.4.1-4,2
HEALTH.2010.2.4.1-5,1
HEALTH.2010.2.4.1-6,6
HEALTH.2010.2.4.1-7,1
HEALTH.2010.2.4.1-8,5
HEALTH.2010.2.4.1-9,1
HEALTH.2010.2.4.2-1,1
HEALTH.2010.2.4.2-2,1
HEALTH.2010.2.4.2-3,1
HEALTH.2010.2.4.2-4,1
HEALTH.2010.2.4.4-1,6
HEALTH.2010.2.4.4-2,1
HEALTH.2010.2.4.5-1,1
HEALTH.2010.2.4.5-2,6
HEALTH.2010.3.1-1,6
HEALTH.2010.3.2-1,2
HEALTH.2010.3.4-1,3
HEALTH.2010.3.4-2,3
HEALTH.2010.3.4-3,6
HEALTH.2010.3.4-5,2
HEALTH.2010.3.4-6,3
HEALTH.2010.3.4-7,2
HEALTH.2010.4.1-1,1
HEALTH.2010.4.2-1,3
HEALTH.2010.4.2-2,1
HEALTH.2010.4.2-3,4
HEALTH.2010.4.2-5,1
HEALTH.2010.4.2-6,2
HEALTH.2010.4.2-7,1
HEALTH.2010.4.2-8,1
HEALTH.2010.4.2-9-1,1
HEALTH.2010.4.2-9-2,1
HEALTH.2010.4.2-9-3,1
HEALTH.2010.4.2-9-4,1
HEALTH.2010.4.2-9-5,1
HEALTH.2010.4.2-9-6,1
HEALTH.2010.4.2-9-7,1
HEALTH.2011.1.1-1,8
HEALTH.2011.1.1-3,1
HEALTH.2011.1.4-1,7
HEALTH.2011.1.4-2,8
HEALTH.2011.1.4-3,3
HEALTH.2011.1.4-4,1
HEALTH.2011.1.4-5,3
HEALTH.2011.2.1.1-1,1
HEALTH.2011.2.1.1-2,2
HEALTH.2011.2.1.1-3,1
HEALTH.2011.2.1.1-4,1
HEALTH.2011.2.2.1-5,1
HEALTH.2011.2.2.2-1,5
HEALTH.2011.2.2.2-2,6
HEALTH.2011.2.3.1-1,2
HEALTH.2011.2.3.1-2,1
HEALTH.2011.2.3.1-3,1
HEALTH.2011.2.3.1-4,2
HEALTH.2011.2.3.1-5,5
HEALTH.2011.2.3.3-1,2
HEALTH.2011.2.3.3-2,3
HEALTH.2011.2.3.3-3,2
HEALTH.2011.2.4.1-1,3
HEALTH.2011.2.4.1-2,3
HEALTH.2011.2.4.1-3,1
HEALTH.2011.2.4.2-1,2
HEALTH.2011.2.4.2-2,4
HEALTH.2011.2.4.3-1,4
HEALTH.2011.2.4.3-2,3
HEALTH.2011.2.4.3-3,3
HEALTH.2011.2.4.3-4,4
HEALTH.2011.3.3-1,4
HEALTH.2011.3.3-2,2
HEALTH.2011.3.3-3,1
HEALTH.2011.3.3-4,1
HEALTH.2011.3.4-1,2
HEALTH.2011.3.4-2,4
HEALTH.2011.3.4-3,1
HEALTH.2011.4.1-1,1
HEALTH.2011.4.1-2,2
HEALTH.2011.4.2-2,4
HEALTH.2012.1.2-1,14
HEALTH.2012.1.4-1,5
HEALTH.2012.1.4-2,5
HEALTH.2012.1.4-3,1
HEALTH.2012.1.4-4,4
HEALTH.2012.2.1.1-1-A,1
HEALTH.2012.2.1.1-1-B,2
HEALTH.2012.2.1.1-1-C,1
HEALTH.2012.2.1.1-2,3
HEALTH.2012.2.1.1-3,4
HEALTH.2012.2.1.2-1,10
HEALTH.2012.2.1.2-2,4
HEALTH.2012.2.1.2-3,1
HEALTH.2012.2.2.2-1,2
HEALTH.2012.2.2.2-2,4
HEALTH.2012.2.3.0-1,7
HEALTH.2012.2.3.0-2,1
HEALTH.2012.2.3.2-1,3
HEALTH.2012.2.3.2-2,3
HEALTH.2012.2.3.2-3,7
HEALTH.2012.2.3.2-4,4
HEALTH.2012.2.4.3-1,5
HEALTH.2012.2.4.3-2,1
HEALTH.2012.2.4.4-1,10
HEALTH.2012.2.4.4-2,5
HEALTH.2012.2.4.4-3,1
HEALTH.2012.2.4.5-1,7
HEALTH.2012.2.4.5-2,5
HEALTH.2012.3.2-1,6
HEALTH.2012.3.2-2,4
HEALTH.2012.3.2-3,4
HEALTH.2012.3.4-1,3
HEALTH.2012.4.1-1,1
HEALTH.2012.4.1-2,1
HEALTH.2012.4.1-3,1
HEALTH.2012.4.1-4,3
HEALTH.2012.4.1-5,4
HEALTH.2012.4.1-6,1
HEALTH.2013.0-1,16
HEALTH.2013.1.2-1,8
HEALTH.2013.1.3-1,1
HEALTH.2013.1.3-2,6
HEALTH.2013.1.3-3,7
HEALTH.2013.1.3-4,1
HEALTH.2013.1.4-1,7
HEALTH.2013.2.1.1-1,3
HEALTH.2013.2.2.1-1,2
HEALTH.2013.2.2.1-2,8
HEALTH.2013.2.2.1-3,4
HEALTH.2013.2.2.1-4,4
HEALTH.2013.2.2.1-5,8
HEALTH.2013.2.3.0-1,7
HEALTH.2013.2.3.1-1,7
HEALTH.2013.2.3.1-2,4
HEALTH.2013.2.3.3-1,1
HEALTH.2013.2.3.4-1,3
HEALTH.2013.2.3.4-2,4
HEALTH.2013.2.4.1-1,3
HEALTH.2013.2.4.1-2,5
HEALTH.2013.2.4.1-3,4
HEALTH.2013.2.4.2-1,9
HEALTH.2013.2.4.2-2,3
HEALTH.2013.2.4.2-3,1
HEALTH.2013.3.1-1,8
HEALTH.2013.3.3-1,3
HEALTH.2013.4.1-1,1
HEALTH.2013.4.1-2,4
HEALTH.2013.4.1-4,10
HEALTH.2013.4.1-5,1
HEALTH.2013.4.1-6,1
HEALTH.2013.4.2-1,5
HEALTH.2013.4.2-2,1
HEALTH.2013.4.2-3,3
ICT-2007.1.1,46
ICT-2007.1.2,27
ICT-2007.1.3,10
ICT-2007.1.4,24
ICT-2007.1.5,20
ICT-2007.1.6,14
ICT-2007.2.1,26
ICT-2007.2.2,23
ICT-2007.3.1,20
ICT-2007.3.2,20
ICT-2007.3.3,15
ICT-2007.3.4,9
ICT-2007.3.5,27
ICT-2007.3.6,26
ICT-2007.3.7,22
ICT-2007.4.1,12
ICT-2007.4.2,15
ICT-2007.4.3,12
ICT-2007.4.4,13
ICT-2007.5.1,9
ICT-2007.5.2,9
ICT-2007.5.3,16
ICT-2007.6.1,14
ICT-2007.6.2,12
ICT-2007.6.3,20
ICT-2007.7.1,10
ICT-2007.7.2,13
ICT-2007.8.0,52
ICT-2007.8.1,9
ICT-2007.8.2,7
ICT-2007.8.3,7
ICT-2007.8.4,5
ICT-2007.8.5,6
ICT-2007.8.6,4
ICT-2007.9.1,9
ICT-2007.9.2,7
ICT-2007.9.3,1
ICT-2009.1.1,44
ICT-2009.1.2,28
ICT-2009.1.3,10
ICT-2009.1.4,25
ICT-2009.1.5,23
ICT-2009.1.6,17
ICT-2009.2.1,40
ICT-2009.2.2,9
ICT-2009.3.1,12
ICT-2009.3.2,9
ICT-2009.3.3,13
ICT-2009.3.4,11
ICT-2009.3.5,14
ICT-2009.3.6,10
ICT-2009.3.7,16
ICT-2009.3.8,12
ICT-2009.3.9,19
ICT-2009.4.1,15
ICT-2009.4.2,13
ICT-2009.4.3,17
ICT-2009.5.1,14
ICT-2009.5.2,9
ICT-2009.5.3,12
ICT-2009.5.4,5
ICT-2009.6.1,10
ICT-2009.6.2,10
ICT-2009.6.3,13
ICT-2009.6.4,8
ICT-2009.6.5,6
ICT-2009.7.1,6
ICT-2009.7.2,12
ICT-2009.7.3,8
ICT-2009.8.0,31
ICT-2009.8.1,3
ICT-2009.8.10,7
ICT-2009.8.2,3
ICT-2009.8.3,3
ICT-2009.8.4,2
ICT-2009.8.5,4
ICT-2009.8.6,3
ICT-2009.8.7,4
ICT-2009.8.8,4
ICT-2009.8.9,9
ICT-2009.9.1,12
ICT-2009.9.2,4
ICT-2009.9.3,8
ICT-2009.9.4,3
ICT-2010.10.3,1
ICT-2011.1.1,37
ICT-2011.1.2,22
ICT-2011.1.3,8
ICT-2011.1.4,20
ICT-2011.1.5,19
ICT-2011.1.6,19
ICT-2011.10.1.1,1
ICT-2011.10.1.2,1
ICT-2011.10.1.3,1
ICT-2011.10.1.4,1
ICT-2011.10.1.5,1
ICT-2011.10.2,2
ICT-2011.10.3,8
ICT-2011.11.1,3
ICT-2011.11.2,1
ICT-2011.2.1,33
ICT-2011.3.1,15
ICT-2011.3.2,19
ICT-2011.3.3,15
ICT-2011.3.4,18
ICT-2011.3.5,29
ICT-2011.3.6,10
ICT-2011.4.1,20
ICT-2011.4.2,16
ICT-2011.4.3,8
ICT-2011.4.4,16
ICT-2011.5.1,17
ICT-2011.5.2,13
ICT-2011.5.3,8
ICT-2011.5.4,12
ICT-2011.5.5,13
ICT-2011.5.6,10
ICT-2011.5.7,1
ICT-2011.6.1,9
ICT-2011.6.2,14
ICT-2011.6.3,5
ICT-2011.6.6,14
ICT-2011.6.7,9
ICT-2011.8.1,18
ICT-2011.8.2,15
ICT-2011.9.1,30
ICT-2011.9.10,7
ICT-2011.9.11,9
ICT-2011.9.12,8
ICT-2011.9.13,3
ICT-2011.9.14,2
ICT-2011.9.2,7
ICT-2011.9.3,6
ICT-2011.9.5,7
ICT-2011.9.6,7
ICT-2011.9.7,9
ICT-2011.9.8,7
ICT-2011.9.9,6
ICT-2013.1.1,13
ICT-2013.1.2,16
ICT-2013.1.3,6
ICT-2013.1.4,8
ICT-2013.1.5,12
ICT-2013.1.6,10
ICT-2013.1.7,12
ICT-2013.1.8,16
ICT-2013.10.1,6
ICT-2013.10.2,4
ICT-2013.10.3,10
ICT-2013.11.1,1
ICT-2013.11.2,1
ICT-2013.11.3,1
ICT-2013.11.5,7
ICT-2013.12.1,5
ICT-2013.2.1,17
ICT-2013.2.2,7
ICT-2013.3.1,10
ICT-2013.3.2,20
ICT-2013.3.3,15
ICT-2013.3.4,21
ICT-2013.4.1,11
ICT-2013.4.2,11
ICT-2013.4.3,13
ICT-2013.5.1,21
ICT-2013.5.2,9
ICT-2013.5.3,8
ICT-2013.5.4,8
ICT-2013.5.5,10
ICT-2013.6.1,6
ICT-2013.6.2,6
ICT-2013.6.3,5
ICT-2013.6.4,13
ICT-2013.6.5,6
ICT-2013.6.6,5
ICT-2013.8.1,15
ICT-2013.8.2,9
ICT-2013.9.1,15
ICT-2013.9.2,2
ICT-2013.9.3,4
ICT-2013.9.5,8
ICT-2013.9.6,6
ICT-2013.9.7,4
ICT-2013.9.8,3
ICT-2013.9.9,3
ICT-SEC-2007-1.0-01,3
ICT-SEC-2007-1.0-02,2
ICT-SEC-2007-1.0-03,2
ICT-SEC-2007-1.0-04,2
ICT-SEC-2007.1.7,9
INCO,6
INCO-2,1
INCO-2007-1.1,1
INCO-2007-1.2,1
INCO-2007-1.3,1
INCO-2007-1.4,1
INCO-2007-1.5,1
INCO-2007-1.6,1
INCO-2007-2.1,13
INCO-2007-3.1.2,4
INCO-2007-3.2,1
INCO-2009-1.1,1
INCO-2009-1.2,1
INCO-2009-1.3,1
INCO-2009-1.4,1
INCO-2009-1.5,1
INCO-2009-2.1,1
INCO-2009-2.2,1
INCO-2009-2.3,1
INCO-2009-2.4,1
INCO-2009-2.5,1
INCO-2009-2.6,1
INCO-2009-4.1,1
INCO-2009-5.1,11
INCO-4,1
INCO.2010-2.1,1
INCO.2010-3.1,1
INCO.2010-3.2,1
INCO.2010-6.1,7
INCO.2010-6.2,10
INCO.2011-6.1,13
INCO.2011-6.2,19
INCO.2011-7.1,1
INCO.2011-7.2,1
INCO.2011-7.3,1
INCO.2011-7.4,1
INCO.2011-7.5,1
INCO.2011-7.6,1
INCO.2011-8.1,1
INCO.2012-1.1,1
INCO.2012-1.2,1
INCO.2012-1.3,1
INCO.2012-1.4,1
INCO.2012-2.1,7
INCO.2012-2.2,5
INCO.2013-1.1,1
INCO.2013-1.2,1
INCO.2013-1.3,1
INCO.2013-1.4,1
INCO.2013-1.5,1
INCO.2013-1.6,1
INCO.2013-2.1,4
INCO.2013-2.2,3
INCO.2013-3.1,4
INCO.2013-4.1,1
INCO.2013-9.1,13
INFRA,6
INFRA-2007-1.2-01,4
INFRA-2007-1.2-02,1
INFRA-2007-1.2-03,5
INFRA-2007-1.2.3,2
INFRA-2007-2.1-01,12
INFRA-2007-2.1-02,1
INFRA-2007-2.2-01,33
INFRA-2007-2.2-02,1
INFRA-2007-3.0-01,2
INFRA-2007-3.0-03,12
INFRA-2007-3.0-05,1
INFRA-2007-3.0-06,3
INFRA-2007-3.3,7
INFRA-2008-1.1.1,29
INFRA-2008-1.1.2,10
INFRA-2008-1.2.1,1
INFRA-2008-1.2.2,6
INFRA-2008-3.0.1,1
INFRA-2008-3.0.2,5
INFRA-2009-1.2.3,1
INFRA-2009-3.1,2
INFRA-2009-3.3,8
INFRA-2010-1.1.1,1
INFRA-2010-1.1.11,1
INFRA-2010-1.1.13,1
INFRA-2010-1.1.14,1
INFRA-2010-1.1.16,1
INFRA-2010-1.1.17,1
INFRA-2010-1.1.19,1
INFRA-2010-1.1.2,1
INFRA-2010-1.1.20,1
INFRA-2010-1.1.22,1
INFRA-2010-1.1.23,1
INFRA-2010-1.1.26,1
INFRA-2010-1.1.27,1
INFRA-2010-1.1.29,1
INFRA-2010-1.1.3,1
INFRA-2010-1.1.30,1
INFRA-2010-1.1.31,1
INFRA-2010-1.1.32,1
INFRA-2010-1.1.33,1
INFRA-2010-1.1.4,1
INFRA-2010-1.1.8,1
INFRA-2010-1.1.9,1
INFRA-2010-1.2.1,6
INFRA-2010-1.2.2,5
INFRA-2010-1.2.3,10
INFRA-2010-2.2.1,1
INFRA-2010-2.2.10,1
INFRA-2010-2.2.11,1
INFRA-2010-2.2.2,1
INFRA-2010-2.2.3,1
INFRA-2010-2.2.4,2
INFRA-2010-2.2.5,1
INFRA-2010-2.2.6,1
INFRA-2010-2.2.7,1
INFRA-2010-2.2.8,1
INFRA-2010-2.2.9,1
INFRA-2010-2.3.1,1
INFRA-2010-3.1,1
INFRA-2010-3.2,9
INFRA-2010-3.3,16
INFRA-2011-1.1.10.,1
INFRA-2011-1.1.11.,1
INFRA-2011-1.1.13.,1
INFRA-2011-1.1.14.,1
INFRA-2011-1.1.15.,1
INFRA-2011-1.1.16.,1
INFRA-2011-1.1.17.,1
INFRA-2011-1.1.19.,1
INFRA-2011-1.1.20.,1
INFRA-2011-1.1.21.,1
INFRA-2011-1.1.3.,1
INFRA-2011-1.1.5.,1
INFRA-2011-1.1.6.,1
INFRA-2011-1.1.8.,1
INFRA-2011-1.2.1.,7
INFRA-2011-1.2.2.,10
INFRA-2011-2.1.1.,4
INFRA-2011-2.3.1.,1
INFRA-2011-2.3.2.,1
INFRA-2011-2.3.3.,1
INFRA-2011-2.3.4.,1
INFRA-2011-2.3.5.,1
INFRA-2011-3.1.,1
INFRA-2011-3.2.,7
INFRA-2011-3.3.,1
INFRA-2011-3.4.,6
INFRA-2011-3.5.,1
INFRA-2012-1.1.1.,1
INFRA-2012-1.1.11.,1
INFRA-2012-1.1.12.,1
INFRA-2012-1.1.13.,1
INFRA-2012-1.1.15.,1
INFRA-2012-1.1.16.,1
INFRA-2012-1.1.17.,1
INFRA-2012-1.1.2.,1
INFRA-2012-1.1.20.,1
INFRA-2012-1.1.22.,1
INFRA-2012-1.1.23.,1
INFRA-2012-1.1.24.,1
INFRA-2012-1.1.25.,1
INFRA-2012-1.1.26.,1
INFRA-2012-1.1.3.,1
INFRA-2012-1.1.4.,1
INFRA-2012-1.1.5.,1
INFRA-2012-1.1.9.,1
INFRA-2012-2.2.1.,1
INFRA-2012-2.2.2.,1
INFRA-2012-2.2.3.,1
INFRA-2012-2.2.4.,1
INFRA-2012-2.2.5.,1
INFRA-2012-2.2.6.,1
INFRA-2012-2.3.1.,1
INFRA-2012-3.1.,1
INFRA-2012-3.2.,3
INFRA-2012-3.3.,18
INFRA-2013-1.2.1,1
INFRA-2013-3.1,3
JPROG-REGIONS-2013,1
JTI-CS-2009-1-GRA-01-001,1
JTI-CS-2009-1-GRA-01-002,1
JTI-CS-2009-1-GRA-01-003,1
JTI-CS-2009-1-GRA-01-004,1
JTI-CS-2009-1-GRA-01-005,2
JTI-CS-2009-1-GRA-01-006,1
JTI-CS-2009-1-GRA-01-007,1
JTI-CS-2009-1-GRA-01-008,1
JTI-CS-2009-1-GRA-01-009,1
JTI-CS-2009-1-GRA-01-010,1
JTI-CS-2009-1-GRA-01-011,2
JTI-CS-2009-1-GRA-01-012,1
JTI-CS-2009-1-GRA-01-013,1
JTI-CS-2009-1-GRA-01-015,1
JTI-CS-2009-1-GRA-01-017,1
JTI-CS-2009-1-GRA-01-018,1
JTI-CS-2009-1-GRA-01-019,1
JTI-CS-2009-1-GRA-01-020,1
JTI-CS-2009-1-GRA-01-021,1
JTI-CS-2009-1-GRA-02-001,1
JTI-CS-2009-1-GRA-02-003,1
JTI-CS-2009-1-GRA-02-004,1
JTI-CS-2009-1-GRA-03-001,1
JTI-CS-2009-1-GRA-04-001,1
JTI-CS-2009-1-GRA-05-002,1
JTI-CS-2009-1-GRA-05-003,1
JTI-CS-2009-1-GRA-05-004,1
JTI-CS-2009-1-GRC-01-001,1
JTI-CS-2009-1-GRC-05-001,1
JTI-CS-2009-1-GRC-05-002,1
JTI-CS-2009-1-SAGE-02-001,1
JTI-CS-2009-1-SAGE-02-002,1
JTI-CS-2009-1-SAGE-05-001,1
JTI-CS-2009-1-SAGE-05-003,1
JTI-CS-2009-1-SAGE-05-004,1
JTI-CS-2009-1-SAGE-05-005,1
JTI-CS-2009-1-SAGE-05-006,1
JTI-CS-2009-1-SFWA-01-001,1
JTI-CS-2009-1-SFWA-01-002,1
JTI-CS-2009-1-SFWA-01-003,1
JTI-CS-2009-1-SFWA-02-001,1
JTI-CS-2009-1-SFWA-02-002,1
JTI-CS-2009-1-SFWA-02-004,1
JTI-CS-2009-1-SFWA-02-005,1
JTI-CS-2009-1-SGO-02-001,1
JTI-CS-2009-1-SGO-02-003,1
JTI-CS-2009-1-SGO-02-004,1
JTI-CS-2009-1-SGO-02-005,1
JTI-CS-2009-1-SGO-02-006,1
JTI-CS-2009-1-SGO-02-008,1
JTI-CS-2009-1-SGO-02-009,1
JTI-CS-2009-1-SGO-02-010,1
JTI-CS-2009-1-SGO-03-001,1
JTI-CS-2009-1-SGO-03-002,1
JTI-CS-2009-1-SGO-03-003,1
JTI-CS-2009-1-SGO-03-004,1
JTI-CS-2009-1-SGO-03-005,1
JTI-CS-2009-1-SGO-03-006,1
JTI-CS-2009-2-ECO-01-001,1
JTI-CS-2009-2-ECO-01-002,1
JTI-CS-2009-2-ECO-02-001,1
JTI-CS-2009-2-ECO-02-002,1
JTI-CS-2009-2-ECO-02-003,1
JTI-CS-2009-2-GRA-01-025,1
JTI-CS-2009-2-GRA-02-005,1
JTI-CS-2009-2-GRA-02-006,1
JTI-CS-2009-2-GRC-01-002,1
JTI-CS-2009-2-GRC-02-001,1
JTI-CS-2009-2-GRC-02-002,1
JTI-CS-2009-2-GRC-03-001,1
JTI-CS-2009-2-GRC-03-002,1
JTI-CS-2009-2-GRC-05-003,1
JTI-CS-2009-2-SAGE-02-003,1
JTI-CS-2009-2-SAGE-02-004,1
JTI-CS-2009-2-SAGE-05-007,1
JTI-CS-2009-2-SGO-04-002,1
JTI-CS-2010-1-ECO-01-003,1
JTI-CS-2010-1-ECO-02-004,1
JTI-CS-2010-1-GRA-01-026,1
JTI-CS-2010-1-GRA-01-027,1
JTI-CS-2010-1-GRA-01-028,1
JTI-CS-2010-1-GRA-01-029,1
JTI-CS-2010-1-GRA-01-031,1
JTI-CS-2010-1-GRA-01-032,1
JTI-CS-2010-1-GRA-01-033,1
JTI-CS-2010-1-GRA-02-007,1
JTI-CS-2010-1-GRA-02-008,1
JTI-CS-2010-1-GRA-02-009,1
JTI-CS-2010-1-GRA-04-002,1
JTI-CS-2010-1-GRC-01-004,1
JTI-CS-2010-1-GRC-02-004,1
JTI-CS-2010-1-GRC-02-005,1
JTI-CS-2010-1-SAGE-03-001,1
JTI-CS-2010-1-SFWA-01-004,1
JTI-CS-2010-1-SFWA-01-005,1
JTI-CS-2010-1-SFWA-01-006,1
JTI-CS-2010-1-SFWA-01-008,1
JTI-CS-2010-1-SFWA-01-009,1
JTI-CS-2010-1-SFWA-01-010,1
JTI-CS-2010-1-SFWA-01-011,1
JTI-CS-2010-1-SFWA-01-012,1
JTI-CS-2010-1-SFWA-01-015,1
JTI-CS-2010-1-SFWA-01-016,1
JTI-CS-2010-1-SFWA-01-017,1
JTI-CS-2010-1-SFWA-01-018,1
JTI-CS-2010-1-SFWA-01-019,1
JTI-CS-2010-1-SFWA-01-020,1
JTI-CS-2010-1-SFWA-02-006,1
JTI-CS-2010-1-SGO-02-012,1
JTI-CS-2010-1-SGO-02-016,1
JTI-CS-2010-1-SGO-02-017,1
JTI-CS-2010-1-SGO-02-018,1
JTI-CS-2010-1-SGO-03-007,1
JTI-CS-2010-2-SFWA-01-021,1
JTI-CS-2010-2-SFWA-01-022,1
JTI-CS-2010-2-SFWA-03-002,1
JTI-CS-2010-2-SFWA-03-003,1
JTI-CS-2010-3-ECO-01-004,1
JTI-CS-2010-3-ECO-01-005,1
JTI-CS-2010-3-ECO-01-006,1
JTI-CS-2010-3-ECO-01-007,1
JTI-CS-2010-3-GRA-02-011,1
JTI-CS-2010-3-GRA-02-012,1
JTI-CS-2010-3-GRA-04-003,1
JTI-CS-2010-3-GRC-03-003,1
JTI-CS-2010-3-SAGE-05-010,1
JTI-CS-2010-3-SAGE-05-012,1
JTI-CS-2010-3-SFWA-01-023,1
JTI-CS-2010-3-SFWA-01-024,1
JTI-CS-2010-3-SFWA-01-025,1
JTI-CS-2010-3-SFWA-01-026,1
JTI-CS-2010-3-SFWA-01-027,1
JTI-CS-2010-3-SFWA-02-007,1
JTI-CS-2010-3-SFWA-02-008,1
JTI-CS-2010-3-SFWA-02-009,1
JTI-CS-2010-3-SGO-02-019,1
JTI-CS-2010-3-SGO-02-020,1
JTI-CS-2010-3-SGO-02-022,1
JTI-CS-2010-3-SGO-02-023,1
JTI-CS-2010-3-SGO-02-024,1
JTI-CS-2010-3-SGO-02-025,1
JTI-CS-2010-3-SGO-02-029,1
JTI-CS-2010-3-SGO-03-008,1
JTI-CS-2010-4-ECO-01-008,1
JTI-CS-2010-4-ECO-01-009,1
JTI-CS-2010-4-GRA-03-002,1
JTI-CS-2010-4-GRA-03-003,1
JTI-CS-2010-4-GRA-05-005,1
JTI-CS-2010-4-GRC-01-005,1
JTI-CS-2010-4-GRC-02-003,1
JTI-CS-2010-4-GRC-02-006,1
JTI-CS-2010-4-SAGE-03-003,1
JTI-CS-2010-4-SAGE-03-004,1
JTI-CS-2010-4-SAGE-03-005,1
JTI-CS-2010-4-SAGE-04-001,1
JTI-CS-2010-4-SAGE-04-002,1
JTI-CS-2010-4-SAGE-04-003,1
JTI-CS-2010-4-SAGE-04-004,1
JTI-CS-2010-4-SAGE-04-005,1
JTI-CS-2010-4-SFWA-01-013,1
JTI-CS-2010-4-SFWA-01-029,1
JTI-CS-2010-4-SFWA-02-011,1
JTI-CS-2010-4-SGO-03-009,1
JTI-CS-2010-4-SGO-03-010,1
JTI-CS-2010-5-ECO-01-010,1
JTI-CS-2010-5-ECO-01-011,1
JTI-CS-2010-5-ECO-01-012,1
JTI-CS-2010-5-ECO-01-014,1
JTI-CS-2010-5-ECO-01-015,1
JTI-CS-2010-5-ECO-01-016,1
JTI-CS-2010-5-ECO-02-006,1
JTI-CS-2010-5-ECO-02-007,1
JTI-CS-2010-5-GRA-02-014,1
JTI-CS-2010-5-GRC-03-004,1
JTI-CS-2010-5-GRC-04-003,1
JTI-CS-2010-5-GRC-04-004,1
JTI-CS-2010-5-GRC-05-004,1
JTI-CS-2010-5-GRC-06-001,1
JTI-CS-2010-5-GRC-06-002,1
JTI-CS-2010-5-SAGE-04-007,1
JTI-CS-2010-5-SFWA-01-007,1
JTI-CS-2010-5-SFWA-01-014,1
JTI-CS-2010-5-SFWA-01-030,1
JTI-CS-2010-5-SFWA-01-031,1
JTI-CS-2010-5-SFWA-01-032,1
JTI-CS-2010-5-SFWA-01-033,1
JTI-CS-2010-5-SFWA-03-004,1
JTI-CS-2010-5-SFWA-03-005,1
JTI-CS-2010-5-SGO-02-027,1
JTI-CS-2010-5-SGO-02-031,1
JTI-CS-2010-5-SGO-03-013,1
JTI-CS-2010-5-SGO-04-001,1
JTI-CS-2011-1-ECO-01-018,1
JTI-CS-2011-1-ECO-01-019,1
JTI-CS-2011-1-ECO-01-020,1
JTI-CS-2011-1-ECO-01-021,1
JTI-CS-2011-1-ECO-01-022,1
JTI-CS-2011-1-ECO-01-023,1
JTI-CS-2011-1-ECO-01-024,1
JTI-CS-2011-1-ECO-01-025,1
JTI-CS-2011-1-ECO-02-008,1
JTI-CS-2011-1-ECO-02-009,1
JTI-CS-2011-1-ECO-02-010,1
JTI-CS-2011-1-ECO-02-011,1
JTI-CS-2011-1-GRA-01-035,1
JTI-CS-2011-1-GRA-01-036,1
JTI-CS-2011-1-GRA-01-037,1
JTI-CS-2011-1-GRA-02-015,1
JTI-CS-2011-1-GRA-05-006,1
JTI-CS-2011-1-GRC-03-006,1
JTI-CS-2011-1-GRC-03-007,1
JTI-CS-2011-1-GRC-05-005,1
JTI-CS-2011-1-SAGE-01-001,1
JTI-CS-2011-1-SAGE-02-006,1
JTI-CS-2011-1-SAGE-02-008,1
JTI-CS-2011-1-SAGE-03-007,1
JTI-CS-2011-1-SAGE-03-009,1
JTI-CS-2011-1-SAGE-03-010,1
JTI-CS-2011-1-SAGE-03-011,1
JTI-CS-2011-1-SAGE-04-009,1
JTI-CS-2011-1-SAGE-04-010,1
JTI-CS-2011-1-SAGE-04-012,1
JTI-CS-2011-1-SAGE-04-013,1
JTI-CS-2011-1-SAGE-04-014,1
JTI-CS-2011-1-SAGE-05-013,1
JTI-CS-2011-1-SAGE-05-015,1
JTI-CS-2011-1-SFWA-01-034,1
JTI-CS-2011-1-SFWA-01-035,1
JTI-CS-2011-1-SFWA-01-036,1
JTI-CS-2011-1-SFWA-01-037,1
JTI-CS-2011-1-SFWA-01-038,1
JTI-CS-2011-1-SFWA-02-012,1
JTI-CS-2011-1-SFWA-02-013,1
JTI-CS-2011-1-SFWA-02-014,1
JTI-CS-2011-1-SFWA-02-015,1
JTI-CS-2011-1-SFWA-03-006,1
JTI-CS-2011-1-SGO-02-026,1
JTI-CS-2011-1-SGO-02-032,1
JTI-CS-2011-1-SGO-03-011,1
JTI-CS-2011-2-ECO-01-026,1
JTI-CS-2011-2-ECO-01-027,1
JTI-CS-2011-2-ECO-01-028,1
JTI-CS-2011-2-ECO-01-030,1
JTI-CS-2011-2-ECO-01-031,1
JTI-CS-2011-2-GRA-01-038,1
JTI-CS-2011-2-GRA-03-005,1
JTI-CS-2011-2-GRC-01-006,1
JTI-CS-2011-2-GRC-01-007,1
JTI-CS-2011-2-GRC-03-009,1
JTI-CS-2011-2-SFWA-01-039,1
JTI-CS-2011-2-SFWA-01-040,1
JTI-CS-2011-2-SFWA-02-017,1
JTI-CS-2011-2-SFWA-03-009,1
JTI-CS-2011-3-ECO-01-032,1
JTI-CS-2011-3-ECO-01-033,1
JTI-CS-2011-3-ECO-01-036,1
JTI-CS-2011-3-ECO-01-039,1
JTI-CS-2011-3-ECO-02-012,1
JTI-CS-2011-3-GRA-01-039,1
JTI-CS-2011-3-GRA-01-040,1
JTI-CS-2011-3-GRA-02-017,1
JTI-CS-2011-3-GRA-02-018,1
JTI-CS-2011-3-GRA-03-006,1
JTI-CS-2011-3-GRA-03-007,1
JTI-CS-2011-3-GRC-03-010,1
JTI-CS-2011-3-GRC-03-011,1
JTI-CS-2011-3-SAGE-02-010,1
JTI-CS-2011-3-SAGE-04-017,1
JTI-CS-2011-3-SAGE-04-018,1
JTI-CS-2011-3-SFWA-02-019,1
JTI-CS-2011-3-SFWA-02-021,1
JTI-CS-2011-3-SGO-02-014,1
JTI-CS-2011-3-SGO-02-033,1
JTI-CS-2011-3-SGO-02-037,1
JTI-CS-2011-3-SGO-03-015,1
JTI-CS-2011-3-SGO-03-016,1
JTI-CS-2011-3-SGO-04-004,1
JTI-CS-2012-1-ECO-01-041,1
JTI-CS-2012-1-ECO-01-043,1
JTI-CS-2012-1-ECO-01-044,1
JTI-CS-2012-1-ECO-01-045,1
JTI-CS-2012-1-ECO-01-046,1
JTI-CS-2012-1-ECO-01-048,1
JTI-CS-2012-1-ECO-01-049,1
JTI-CS-2012-1-ECO-01-050,1
JTI-CS-2012-1-ECO-01-052,1
JTI-CS-2012-1-ECO-01-053,1
JTI-CS-2012-1-ECO-02-013,1
JTI-CS-2012-1-GRA-01-042,1
JTI-CS-2012-1-GRA-01-043,1
JTI-CS-2012-1-GRA-01-044,1
JTI-CS-2012-1-GRA-01-045,1
JTI-CS-2012-1-GRA-01-047,1
JTI-CS-2012-1-GRA-01-049,1
JTI-CS-2012-1-GRA-02-019,1
JTI-CS-2012-1-GRA-03-009,1
JTI-CS-2012-1-GRA-03-010,1
JTI-CS-2012-1-GRC-06-006,1
JTI-CS-2012-1-SAGE-02-012,1
JTI-CS-2012-1-SAGE-02-013,1
JTI-CS-2012-1-SAGE-02-014,1
JTI-CS-2012-1-SAGE-02-015,1
JTI-CS-2012-1-SAGE-03-012,1
JTI-CS-2012-1-SAGE-03-013,1
JTI-CS-2012-1-SAGE-05-016,1
JTI-CS-2012-1-SFWA-01-041,1
JTI-CS-2012-1-SFWA-01-042,1
JTI-CS-2012-1-SFWA-01-043,1
JTI-CS-2012-1-SFWA-01-044,1
JTI-CS-2012-1-SFWA-01-045,1
JTI-CS-2012-1-SFWA-01-046,1
JTI-CS-2012-1-SFWA-01-048,1
JTI-CS-2012-1-SFWA-02-020,1
JTI-CS-2012-1-SFWA-02-022,1
JTI-CS-2012-1-SFWA-02-024,1
JTI-CS-2012-1-SFWA-02-026,1
JTI-CS-2012-1-SFWA-02-027,1
JTI-CS-2012-1-SFWA-02-028,1
JTI-CS-2012-1-SGO-02-021,1
JTI-CS-2012-1-SGO-02-035,1
JTI-CS-2012-1-SGO-02-038,1
JTI-CS-2012-1-SGO-02-039,1
JTI-CS-2012-1-SGO-02-040,1
JTI-CS-2012-1-SGO-02-041,1
JTI-CS-2012-1-SGO-02-042,1
JTI-CS-2012-1-SGO-02-044,1
JTI-CS-2012-1-SGO-03-014,1
JTI-CS-2012-1-SGO-03-017,1
JTI-CS-2012-2-ECO-01-054,1
JTI-CS-2012-2-ECO-01-055,1
JTI-CS-2012-2-ECO-01-056,1
JTI-CS-2012-2-ECO-01-057,1
JTI-CS-2012-2-GRA-01-050,1
JTI-CS-2012-2-GRA-05-007,1
JTI-CS-2012-2-GRC-01-010,1
JTI-CS-2012-2-GRC-02-007,1
JTI-CS-2012-2-GRC-03-014,1
JTI-CS-2012-2-GRC-05-007,1
JTI-CS-2012-2-SAGE-02-020,1
JTI-CS-2012-2-SAGE-02-021,1
JTI-CS-2012-2-SAGE-02-022,1
JTI-CS-2012-2-SAGE-02-023,1
JTI-CS-2012-2-SAGE-03-014,1
JTI-CS-2012-2-SAGE-03-015,1
JTI-CS-2012-2-SAGE-04-019,1
JTI-CS-2012-2-SFWA-01-049,1
JTI-CS-2012-2-SFWA-01-050,1
JTI-CS-2012-2-SFWA-01-051,1
JTI-CS-2012-2-SFWA-01-052,1
JTI-CS-2012-2-SFWA-02-029,1
JTI-CS-2012-2-SFWA-02-030,1
JTI-CS-2012-2-SFWA-02-031,1
JTI-CS-2012-2-SFWA-02-032,1
JTI-CS-2012-2-SFWA-03-010,1
JTI-CS-2012-2-SGO-02-034,1
JTI-CS-2012-2-SGO-02-036,1
JTI-CS-2012-2-SGO-02-047,1
JTI-CS-2012-2-SGO-02-048,1
JTI-CS-2012-2-SGO-02-049,1
JTI-CS-2012-2-SGO-02-050,1
JTI-CS-2012-2-SGO-03-018,1
JTI-CS-2012-2-SGO-03-019,1
JTI-CS-2012-2-SGO-04-005,1
JTI-CS-2012-3-ECO-01-058,1
JTI-CS-2012-3-ECO-01-061,1
JTI-CS-2012-3-ECO-01-063,1
JTI-CS-2012-3-ECO-01-064,1
JTI-CS-2012-3-GRA-01-051,1
JTI-CS-2012-3-GRC-01-011,1
JTI-CS-2012-3-GRC-01-012,1
JTI-CS-2012-3-GRC-02-008,1
JTI-CS-2012-3-GRC-06-005,1
JTI-CS-2012-3-SAGE-02-025,1
JTI-CS-2012-3-SAGE-02-027,1
JTI-CS-2012-3-SAGE-02-029,1
JTI-CS-2012-3-SAGE-03-016,1
JTI-CS-2012-3-SAGE-03-020,1
JTI-CS-2012-3-SAGE-06-002,1
JTI-CS-2012-3-SFWA-01-053,1
JTI-CS-2012-3-SFWA-02-033,1
JTI-CS-2012-3-SFWA-02-035,1
JTI-CS-2012-3-SFWA-03-011,1
JTI-CS-2012-3-SFWA-03-012,1
JTI-CS-2012-3-SGO-02-043,1
JTI-CS-2012-3-SGO-02-046,1
JTI-CS-2012-3-SGO-02-055,1
JTI-CS-2012-3-SGO-02-059,1
JTI-CS-2012-3-SGO-02-060,1
JTI-CS-2012-3-SGO-02-062,1
JTI-CS-2012-3-SGO-02-063,1
JTI-CS-2012-3-SGO-03-020,1
JTI-CS-2013-1-ECO-01-065,1
JTI-CS-2013-1-ECO-01-066,1
JTI-CS-2013-1-ECO-01-067,1
JTI-CS-2013-1-ECO-01-069,1
JTI-CS-2013-1-ECO-01-070,1
JTI-CS-2013-1-GRA-02-020,1
JTI-CS-2013-1-GRA-02-021,1
JTI-CS-2013-1-GRA-02-022,1
JTI-CS-2013-1-GRA-02-023,1
JTI-CS-2013-1-GRC-01-014,1
JTI-CS-2013-1-GRC-02-016,1
JTI-CS-2013-1-GRC-02-017,1
JTI-CS-2013-1-GRC-05-008,1
JTI-CS-2013-1-SAGE-02-030,1
JTI-CS-2013-1-SAGE-02-033,1
JTI-CS-2013-1-SAGE-03-023,1
JTI-CS-2013-1-SAGE-04-020,1
JTI-CS-2013-1-SAGE-04-021,1
JTI-CS-2013-1-SAGE-04-024,1
JTI-CS-2013-1-SAGE-06-004,1
JTI-CS-2013-1-SAGE-06-005,1
JTI-CS-2013-1-SAGE-06-006,1
JTI-CS-2013-1-SFWA-02-038,1
JTI-CS-2013-1-SGO-02-051,1
JTI-CS-2013-1-SGO-02-056,1
JTI-CS-2013-1-SGO-02-057,1
JTI-CS-2013-1-SGO-02-065,1
JTI-CS-2013-1-SGO-02-068,1
JTI-CS-2013-1-SGO-02-070,1
JTI-CS-2013-1-SGO-02-071,1
JTI-CS-2013-1-SGO-02-072,1
JTI-CS-2013-1-SGO-03-021,1
JTI-CS-2013-1-SGO-03-022,1
JTI-CS-2013-1-SGO-03-023,1
JTI-CS-2013-1-SGO-04-007,1
JTI-CS-2013-1-SGO-04-008,1
JTI-CS-2013-2-ECO-01-072,1
JTI-CS-2013-2-ECO-01-073,1
JTI-CS-2013-2-ECO-01-074,1
JTI-CS-2013-2-ECO-01-075,1
JTI-CS-2013-2-GRA-01-052,1
JTI-CS-2013-2-GRA-01-053,1
JTI-CS-2013-2-GRA-01-054,1
JTI-CS-2013-2-GRA-01-055,1
JTI-CS-2013-2-GRA-02-025,1
JTI-CS-2013-2-GRA-05-008,1
JTI-CS-2013-2-SAGE-01-002,1
JTI-CS-2013-2-SAGE-02-032,1
JTI-CS-2013-2-SAGE-02-034,1
JTI-CS-2013-2-SAGE-02-035,1
JTI-CS-2013-2-SAGE-04-025,1
JTI-CS-2013-2-SAGE-06-003,1
JTI-CS-2013-2-SAGE-06-007,1
JTI-CS-2013-2-SFWA-02-043,1
JTI-CS-2013-2-SFWA-03-013,1
JTI-CS-2013-2-SFWA-03-014,1
JTI-CS-2013-2-SGO-02-061,1
JTI-CS-2013-2-SGO-02-064,1
JTI-CS-2013-2-SGO-02-073,1
JTI-CS-2013-2-SGO-02-074,1
JTI-CS-2013-2-SGO-02-076,1
JTI-CS-2013-2-SGO-02-077,1
JTI-CS-2013-2-SGO-02-078,1
JTI-CS-2013-2-SGO-02-079,1
JTI-CS-2013-2-SGO-02-080,1
JTI-CS-2013-2-SGO-02-081,1
JTI-CS-2013-2-SGO-02-082,1
JTI-CS-2013-2-SGO-03-024,1
JTI-CS-2013-2-SGO-03-025,1
JTI-CS-2013-2-SGO-03-026,1
JTI-CS-2013-2-SGO-04-009,1
JTI-CS-2013-3-SAGE-02-037,1
JTI-CS-2013-3-SAGE-02-038,1
JTI-CS-2013-3-SAGE-02-039,1
JTI-CS-2013-3-SAGE-06-009,1
JTI-CS-2013-3-SAGE-06-011,1
JTI-CS-2013-3-SFWA-01-054,1
JTI-CS-2013-3-SFWA-02-044,1
JTI-CS-2013-3-SFWA-02-045,1
JTI-CS-2013-3-SFWA-03-015,1
JTI-CS-2013-3-SFWA-03-016,1
JTI-CS-2013-3-SFWA-03-017,1
JTI-CS-2013-3-SFWA-03-018,1
JTI-CS-2013-3-SGO-02-052,1
JTI-CS-2013-3-SGO-02-066,1
JTI-CS-2013-3-SGO-02-084,1
JTI-CS-2013-3-SGO-02-085,1
JTI-CS-2013-3-SGO-02-086,1
JTI-CS-2013-3-SGO-02-087,1
JTI-CS-2013-3-SGO-02-088,1
JTI-CS-2013-3-SGO-04-006,1
KBBE,6
KBBE-2007-1-1-01,1
KBBE-2007-1-1-02,1
KBBE-2007-1-1-03,1
KBBE-2007-1-1-04,1
KBBE-2007-1-1-05,1
KBBE-2007-1-2-01,1
KBBE-2007-1-2-02,1
KBBE-2007-1-2-03,1
KBBE-2007-1-2-04,1
KBBE-2007-1-2-05,1
KBBE-2007-1-2-07,1
KBBE-2007-1-2-08,1
KBBE-2007-1-2-09,1
KBBE-2007-1-2-11,1
KBBE-2007-1-2-12,1
KBBE-2007-1-2-13,1
KBBE-2007-1-2-14,1
KBBE-2007-1-2-15,1
KBBE-2007-1-2-16,1
KBBE-2007-1-3-01,3
KBBE-2007-1-3-02,1
KBBE-2007-1-3-03,1
KBBE-2007-1-3-04,1
KBBE-2007-1-3-05,1
KBBE-2007-1-3-06,1
KBBE-2007-1-3-07,1
KBBE-2007-1-3-09,1
KBBE-2007-1-4-02,1
KBBE-2007-1-4-03,1
KBBE-2007-1-4-05,1
KBBE-2007-1-4-07,1
KBBE-2007-1-4-08,1
KBBE-2007-1-4-09,1
KBBE-2007-1-4-10,1
KBBE-2007-1-4-11,1
KBBE-2007-1-4-13,1
KBBE-2007-1-4-14,1
KBBE-2007-1-4-15,1
KBBE-2007-1-4-16,1
KBBE-2007-1-4-18,1
KBBE-2007-1-4-19,1
KBBE-2007-1-4-20,1
KBBE-2007-2-1-02,1
KBBE-2007-2-1-03,1
KBBE-2007-2-2-01,1
KBBE-2007-2-2-02,1
KBBE-2007-2-2-04,1
KBBE-2007-2-2-06,1
KBBE-2007-2-2-07,1
KBBE-2007-2-2-08,1
KBBE-2007-2-3-01,1
KBBE-2007-2-3-02,1
KBBE-2007-2-3-03,1
KBBE-2007-2-3-04,1
KBBE-2007-2-3-05,1
KBBE-2007-2-3-06,1
KBBE-2007-2-4-01,1
KBBE-2007-2-4-02,2
KBBE-2007-2-4-03,1
KBBE-2007-2-4-04,1
KBBE-2007-2-4-05,1
KBBE-2007-2-4-06,1
KBBE-2007-2-5-01,1
KBBE-2007-2-5-02,1
KBBE-2007-2-5-04,1
KBBE-2007-2-5-05,1
KBBE-2007-3-1-01,1
KBBE-2007-3-1-02,2
KBBE-2007-3-1-03,1
KBBE-2007-3-1-04,1
KBBE-2007-3-1-06,1
KBBE-2007-3-1-08,1
KBBE-2007-3-1-09,1
KBBE-2007-3-2-01,1
KBBE-2007-3-2-02,1
KBBE-2007-3-2-03,1
KBBE-2007-3-2-05,1
KBBE-2007-3-2-06,1
KBBE-2007-3-2-07,2
KBBE-2007-3-2-08,1
KBBE-2007-3-3-01,1
KBBE-2007-3-3-02,1
KBBE-2007-3-3-03,1
KBBE-2007-3-3-04,1
KBBE-2007-3-3-05,1
KBBE-2007-4-0-01,1
KBBE-2008-1-1-01,2
KBBE-2008-1-2-01,1
KBBE-2008-1-2-02,1
KBBE-2008-1-2-03,1
KBBE-2008-1-2-04,1
KBBE-2008-1-2-05,1
KBBE-2008-1-2-06,1
KBBE-2008-1-2-07,1
KBBE-2008-1-2-08,1
KBBE-2008-1-3-01,1
KBBE-2008-1-3-02,1
KBBE-2008-1-3-03,1
KBBE-2008-1-4-01,1
KBBE-2008-1-4-02,1
KBBE-2008-1-4-04,1
KBBE-2008-1-4-05,1
KBBE-2008-1-4-07,1
KBBE-2008-1-4-08,1
KBBE-2008-1-4-10,1
KBBE-2008-1-4-11,1
KBBE-2008-2-1-01,2
KBBE-2008-2-2-01,1
KBBE-2008-2-2-02,1
KBBE-2008-2-3-01,1
KBBE-2008-2-3-02,1
KBBE-2008-2-3-03,1
KBBE-2008-2-4-01,1
KBBE-2008-2-4-02,1
KBBE-2008-2-5-01,1
KBBE-2008-2-5-03,1
KBBE-2008-3-1-01,1
KBBE-2008-3-1-02,1
KBBE-2008-3-1-03,1
KBBE-2008-3-1-04,1
KBBE-2008-3-1-05,1
KBBE-2008-3-2-01,1
KBBE-2008-3-2-03,1
KBBE-2008-3-2-07,1
KBBE-2008-3-3-01,1
KBBE-2008-4-01,1
KBBE-2009-1-1-01,1
KBBE-2009-1-1-02,1
KBBE-2009-1-1-03,1
KBBE-2009-1-2-01,2
KBBE-2009-1-2-02,1
KBBE-2009-1-2-03,1
KBBE-2009-1-2-04,1
KBBE-2009-1-2-05,1
KBBE-2009-1-2-06,1
KBBE-2009-1-2-07,1
KBBE-2009-1-2-08,1
KBBE-2009-1-2-09,1
KBBE-2009-1-2-10,1
KBBE-2009-1-2-11,1
KBBE-2009-1-2-13,1
KBBE-2009-1-2-14,1
KBBE-2009-1-2-15,1
KBBE-2009-1-3-01,1
KBBE-2009-1-3-02,1
KBBE-2009-1-3-03,1
KBBE-2009-1-3-04,1
KBBE-2009-1-3-05,1
KBBE-2009-1-4-01,1
KBBE-2009-1-4-02,1
KBBE-2009-1-4-03,1
KBBE-2009-1-4-04,1
KBBE-2009-1-4-05,1
KBBE-2009-1-4-06,1
KBBE-2009-1-4-08,1
KBBE-2009-1-4-09,1
KBBE-2009-1-4-10,1
KBBE-2009-1-4-11,2
KBBE-2009-1-4-12,1
KBBE-2009-2-1-01,1
KBBE-2009-2-1-02,1
KBBE-2009-2-1-03,1
KBBE-2009-2-2-01,1
KBBE-2009-2-2-02,1
KBBE-2009-2-2-03,1
KBBE-2009-2-3-01,1
KBBE-2009-2-3-02,1
KBBE-2009-2-3-03,1
KBBE-2009-2-4-01,1
KBBE-2009-2-4-02,1
KBBE-2009-2-4-03,1
KBBE-2009-2-5-01,1
KBBE-2009-2-5-02,1
KBBE-2009-2-5-03,1
KBBE-2009-2-6-01,1
KBBE-2009-2-7-01,1
KBBE-2009-2-7-02,1
KBBE-2009-3-1-01,1
KBBE-2009-3-1-02,1
KBBE-2009-3-1-04,1
KBBE-2009-3-2-01,1
KBBE-2009-3-2-02,1
KBBE-2009-3-3-01,1
KBBE-2009-3-3-02,1
KBBE-2009-3-4-01,1
KBBE-2009-3-4-02,1
KBBE-2009-3-5-01,1
KBBE-2009-3-5-02,1
KBBE-2009-3-6-01,1
KBBE-2009-3-6-02,1
KBBE-2009-3-6-03,1
KBBE-2009-3-6-05,1
KBBE-2009-3-7-01,1
KBBE.2010.1.1-01,1
KBBE.2010.1.1-03,1
KBBE.2010.1.2-01,1
KBBE.2010.1.2-02,1
KBBE.2010.1.2-03,1
KBBE.2010.1.2-04,1
KBBE.2010.1.2-05,1
KBBE.2010.1.2-06,1
KBBE.2010.1.2-07,1
KBBE.2010.1.2-08,1
KBBE.2010.1.3-01,1
KBBE.2010.1.3-02,1
KBBE.2010.1.3-03,1
KBBE.2010.1.3-04,1
KBBE.2010.1.3-05,1
KBBE.2010.1.3-06,1
KBBE.2010.1.4-01,1
KBBE.2010.1.4-02,1
KBBE.2010.1.4-03,1
KBBE.2010.1.4-04,1
KBBE.2010.1.4-05,1
KBBE.2010.1.4-06,1
KBBE.2010.1.4-07,1
KBBE.2010.1.4-08,1
KBBE.2010.1.4-09,1
KBBE.2010.2.1-01,1
KBBE.2010.2.1-02,1
KBBE.2010.2.2-01,1
KBBE.2010.2.2-02,1
KBBE.2010.2.2-03,1
KBBE.2010.2.3-01,1
KBBE.2010.2.3-02,1
KBBE.2010.2.3-03,1
KBBE.2010.2.4-01,1
KBBE.2010.2.4-02,1
KBBE.2010.2.4-03,1
KBBE.2010.2.5-01,1
KBBE.2010.2.5-02,1
KBBE.2010.2.6-01,1
KBBE.2010.3.2-01,3
KBBE.2010.3.2-02,1
KBBE.2010.3.2-03,1
KBBE.2010.3.2-04,2
KBBE.2010.3.3-01,3
KBBE.2010.3.3-02,1
KBBE.2010.3.5-01,3
KBBE.2010.3.5-02,1
KBBE.2010.3.5-03,1
KBBE.2010.3.5-04,1
KBBE.2010.4-01,3
KBBE.2010.4-02,1
KBBE.2010.4-03,1
KBBE.2010.4-04,1
KBBE.2011.1.1-01,1
KBBE.2011.1.1-02,1
KBBE.2011.1.1-03,1
KBBE.2011.1.1-04,1
KBBE.2011.1.1-05,1
KBBE.2011.1.2-01,2
KBBE.2011.1.2-02,3
KBBE.2011.1.2-03,1
KBBE.2011.1.2-04,1
KBBE.2011.1.2-05,2
KBBE.2011.1.2-06,1
KBBE.2011.1.2-07,1
KBBE.2011.1.2-08,1
KBBE.2011.1.2-09,1
KBBE.2011.1.2-10,1
KBBE.2011.1.2-11,1
KBBE.2011.1.2-12,1
KBBE.2011.1.3-01,1
KBBE.2011.1.3-02,1
KBBE.2011.1.3-03,1
KBBE.2011.1.3-04,1
KBBE.2011.1.3-05,1
KBBE.2011.1.3-06,1
KBBE.2011.1.4-01,1
KBBE.2011.1.4-02,1
KBBE.2011.1.4-03,1
KBBE.2011.1.4-04,1
KBBE.2011.1.4-05,1
KBBE.2011.1.4-06,2
KBBE.2011.1.4-07,1
KBBE.2011.2.1-01,1
KBBE.2011.2.2-01,1
KBBE.2011.2.2-02,1
KBBE.2011.2.2-03,1
KBBE.2011.2.2-04,1
KBBE.2011.2.3-01,1
KBBE.2011.2.3-02,1
KBBE.2011.2.3-03,3
KBBE.2011.2.3-04,1
KBBE.2011.2.3-05,2
KBBE.2011.2.4-01,3
KBBE.2011.2.4-02,1
KBBE.2011.2.5-01,1
KBBE.2011.2.5-02,2
KBBE.2011.2.5-03,1
KBBE.2011.2.6-01,1
KBBE.2011.2.6-02,1
KBBE.2011.3.1-01,1
KBBE.2011.3.1-02,3
KBBE.2011.3.2-01,1
KBBE.2011.3.3-01,1
KBBE.2011.3.3-02,1
KBBE.2011.3.3-03,2
KBBE.2011.3.4-01,3
KBBE.2011.3.4-02,1
KBBE.2011.3.5-01,1
KBBE.2011.3.6-01,3
KBBE.2011.3.6-02,1
KBBE.2011.3.6-03,1
KBBE.2011.3.6-04,2
KBBE.2011.3.6-06,1
KBBE.2011.4-01,1
KBBE.2011.4-02,1
KBBE.2011.4-03,1
KBBE.2011.4-04,1
KBBE.2011.4-05,1
KBBE.2011.4-06,1
KBBE.2012.1.1-01,1
KBBE.2012.1.1-02,1
KBBE.2012.1.1-03,1
KBBE.2012.1.2-01,3
KBBE.2012.1.2-02,2
KBBE.2012.1.2-03,1
KBBE.2012.1.2-04,1
KBBE.2012.1.2-05,1
KBBE.2012.1.2-06,1
KBBE.2012.1.2-07,1
KBBE.2012.1.2-08,1
KBBE.2012.1.2-09,1
KBBE.2012.1.2-10,1
KBBE.2012.1.2-11,1
KBBE.2012.1.2-12,1
KBBE.2012.1.2-13,1
KBBE.2012.1.3-01,1
KBBE.2012.1.3-02,1
KBBE.2012.1.3-03,1
KBBE.2012.1.3-04,2
KBBE.2012.1.4-01,1
KBBE.2012.1.4-02,3
KBBE.2012.1.4-03,1
KBBE.2012.1.4-04,1
KBBE.2012.1.4-05,1
KBBE.2012.1.4-06,2
KBBE.2012.1.4-07,1
KBBE.2012.1.4-08,1
KBBE.2012.1.4-09,1
KBBE.2012.2.1-01,1
KBBE.2012.2.2-01,2
KBBE.2012.2.2-02,1
KBBE.2012.2.2-03,1
KBBE.2012.2.3-01,1
KBBE.2012.2.3-02,2
KBBE.2012.2.3-03,1
KBBE.2012.2.3-04,2
KBBE.2012.2.3-05,1
KBBE.2012.2.4-01,1
KBBE.2012.2.4-02,1
KBBE.2012.2.4-03,1
KBBE.2012.2.4-04,1
KBBE.2012.2.4-05,1
KBBE.2012.2.5-01,1
KBBE.2012.2.5-02,1
KBBE.2012.2.5-03,1
KBBE.2012.3.1-01,1
KBBE.2012.3.1-02,2
KBBE.2012.3.1-03,1
KBBE.2012.3.2-01,3
KBBE.2012.3.2-02,1
KBBE.2012.3.3-01,1
KBBE.2012.3.3-02,1
KBBE.2012.3.3-03,2
KBBE.2012.3.4-01,1
KBBE.2012.3.4-02,3
KBBE.2012.3.5-01,1
KBBE.2012.3.5-02,1
KBBE.2012.3.5-03,1
KBBE.2012.3.5-04,1
KBBE.2012.3.6-01,1
KBBE.2013.1.1-01,1
KBBE.2013.1.2-01,1
KBBE.2013.1.2-02,2
KBBE.2013.1.2-03,2
KBBE.2013.1.2-04,1
KBBE.2013.1.2-05,1
KBBE.2013.1.2-06,1
KBBE.2013.1.2-07,1
KBBE.2013.1.2-08,1
KBBE.2013.1.2-09,1
KBBE.2013.1.2-10,1
KBBE.2013.1.2-11,1
KBBE.2013.1.3-01,1
KBBE.2013.1.3-02,1
KBBE.2013.1.3-03,1
KBBE.2013.1.3-04,1
KBBE.2013.1.3-05,1
KBBE.2013.1.4-01,1
KBBE.2013.1.4-02,1
KBBE.2013.1.4-03,1
KBBE.2013.1.4-04,1
KBBE.2013.1.4-05,1
KBBE.2013.1.4-06,1
KBBE.2013.1.4-07,6
KBBE.2013.1.4-08,1
KBBE.2013.1.4-09,1
KBBE.2013.1.4-10,1
KBBE.2013.1.4-11,1
KBBE.2013.1.4-12,1
KBBE.2013.2.1-01,1
KBBE.2013.2.2-01,1
KBBE.2013.2.2-02,1
KBBE.2013.2.2-03,1
KBBE.2013.2.3-01,3
KBBE.2013.2.3-02,2
KBBE.2013.2.4-01,1
KBBE.2013.2.5-01,1
KBBE.2013.2.5-02,3
KBBE.2013.2.6-01,5
KBBE.2013.3.1-01,4
KBBE.2013.3.1-02,1
KBBE.2013.3.2-01,1
KBBE.2013.3.2-02,4
KBBE.2013.3.3-01,3
KBBE.2013.3.3-02,1
KBBE.2013.3.3-03,1
KBBE.2013.3.3-04,5
KBBE.2013.3.4-01,3
KBBE.2013.3.5-01,1
KBBE.2013.3.5-02,1
KBBE.2013.3.5-03,1
KBBE.2013.3.6-01,2
KBBE.2013.3.6-02,4
NMP-2007-1.1-1,9
NMP-2007-1.1-2,5
NMP-2007-1.1-3,1
NMP-2007-1.1-4,1
NMP-2007-1.1-5,1
NMP-2007-1.2-1,2
NMP-2007-1.2-2,5
NMP-2007-1.2-4,1
NMP-2007-1.3-1,1
NMP-2007-1.3-2,3
NMP-2007-1.3-3,1
NMP-2007-1.3-4,1
NMP-2007-1.3-5,2
NMP-2007-2.1-1,5
NMP-2007-2.1-2,5
NMP-2007-2.1-3,5
NMP-2007-2.2-1,1
NMP-2007-2.2-2,5
NMP-2007-2.2-3,3
NMP-2007-2.3-1,4
NMP-2007-2.4-1,2
NMP-2007-2.4-2,2
NMP-2007-2.4-3,1
NMP-2007-2.5-1,3
NMP-2007-2.5-2,4
NMP-2007-3.1-1,3
NMP-2007-3.1-2,4
NMP-2007-3.1-3,2
NMP-2007-3.2-1,5
NMP-2007-3.2-2,4
NMP-2007-3.3-1,4
NMP-2007-3.4-1,4
NMP-2007-3.4-2,3
NMP-2007-3.5-1,2
NMP-2007-3.5-2,5
NMP-2007-4.0-1,3
NMP-2007-4.0-2,4
NMP-2007-4.0-3,1
NMP-2007-4.0-4,3
NMP-2007-4.0-5,4
NMP-2007-4.0-6,4
NMP-2007-4.0-7,1
NMP-2008-1.1-1,11
NMP-2008-1.1-2,4
NMP-2008-1.1-3,1
NMP-2008-1.2-1,5
NMP-2008-1.2-2,2
NMP-2008-1.2-3,1
NMP-2008-1.2-4,1
NMP-2008-1.3-2,5
NMP-2008-2.1-1,4
NMP-2008-2.1-2,7
NMP-2008-2.2-1,1
NMP-2008-2.2-2,4
NMP-2008-2.3-1,3
NMP-2008-2.4-1,3
NMP-2008-2.4-2,2
NMP-2008-2.5-1,4
NMP-2008-2.5-2,8
NMP-2008-2.6-1,10
NMP-2008-2.6-2,6
NMP-2008-2.6-3,5
NMP-2008-2.6-4,1
NMP-2008-3.2-1,2
NMP-2008-3.2-2,7
NMP-2008-3.2-3,1
NMP-2008-3.3-1,4
NMP-2008-3.4-1,2
NMP-2008-3.4-2,3
NMP-2008-3.5-1,5
NMP-2008-4.0-1,4
NMP-2008-4.0-10,2
NMP-2008-4.0-11,1
NMP-2008-4.0-13,1
NMP-2008-4.0-14,1
NMP-2008-4.0-15,1
NMP-2008-4.0-2,2
NMP-2008-4.0-3,2
NMP-2008-4.0-4,3
NMP-2008-4.0-5,2
NMP-2008-4.0-6,1
NMP-2008-4.0-7,4
NMP-2008-4.0-8,3
NMP-2008-4.0-9,7
NMP-2009-1.1-1,4
NMP-2009-1.2-1,5
NMP-2009-1.2-2,3
NMP-2009-1.2-3,3
NMP-2009-1.2-4,1
NMP-2009-1.2-5,2
NMP-2009-1.3-1,4
NMP-2009-1.3-2,1
NMP-2009-2.1-1,2
NMP-2009-2.2-1,2
NMP-2009-2.3-1,3
NMP-2009-2.4-1,2
NMP-2009-2.5-1,4
NMP-2009-2.6-1,3
NMP-2009-3.2-1,3
NMP-2009-3.2-2,4
NMP-2009-3.4-1,2
NMP-2009-3.4-2,2
NMP-2009-4.0-2,1
NMP-2009-4.0-3,3
NMP-2009-4.0-4,2
NMP-2009-4.0-5,4
NMP-2009-4.0-6,2
NMP-2009-4.0-7,1
NMP-2010-1.2-1,3
NMP-2010-1.2-2,4
NMP-2010-1.2-3,4
NMP-2010-1.3-1,2
NMP-2010-3.1-1,4
NMP-2010-3.4-1,3
NMP-2010-4.0-1,2
NMP-2010-4.0-2,1
NMP-2010-4.0-3,1
NMP-2010-4.0-4,3
NMP-FP7-2010-4-0-8,1
NMP-FP7-2010-4-0-9,1
NMP-FP7-2010-4.0-7,1
NMP.2010.1.1-1,1
NMP.2010.1.2-4,4
NMP.2010.1.3-2,2
NMP.2010.2.2-1,4
NMP.2010.2.3-1,3
NMP.2010.2.4-1,2
NMP.2010.2.5-1,4
NMP.2010.4.0-5,5
NMP.2010.4.0-6,2
NMP.2011.1.1-1,2
NMP.2011.1.2-1,3
NMP.2011.1.2-2,2
NMP.2011.1.2-3,5
NMP.2011.1.3-1,3
NMP.2011.1.3-2,3
NMP.2011.1.3-3,1
NMP.2011.1.3-4,1
NMP.2011.1.4-1,2
NMP.2011.1.4-2,2
NMP.2011.1.4-3,4
NMP.2011.1.4-4,4
NMP.2011.1.4-5,3
NMP.2011.2.1-1,3
NMP.2011.2.1-2,3
NMP.2011.2.2-1,1
NMP.2011.2.2-2,3
NMP.2011.2.2-3,3
NMP.2011.2.2-4,3
NMP.2011.2.2-6,3
NMP.2011.2.3-1,3
NMP.2011.2.3-2,1
NMP.2011.2.3-3,4
NMP.2011.3.1-1,2
NMP.2011.3.2-1,2
NMP.2011.3.4-1,1
NMP.2011.4.0-1,2
NMP.2011.4.0-2,2
NMP.2011.4.0-3,2
NMP.2011.4.0-4,2
NMP.2011.4.0-5,5
NMP.2011.4.0-6,1
NMP.2011.4.0-7,1
NMP.2011.4.0-8,1
NMP.2012.1.1-1,4
NMP.2012.1.2-1,1
NMP.2012.1.2-2,2
NMP.2012.1.2-3,1
NMP.2012.1.3-1,2
NMP.2012.1.3-2,5
NMP.2012.1.3-3,1
NMP.2012.1.4-1,2
NMP.2012.1.4-2,5
NMP.2012.1.4-3,4
NMP.2012.1.4-4,1
NMP.2012.1.4-5,1
NMP.2012.2.1-1,4
NMP.2012.2.1-2,3
NMP.2012.2.1-3,3
NMP.2012.2.2-1,3
NMP.2012.2.2-2,3
NMP.2012.2.2-3,4
NMP.2012.2.2-4,2
NMP.2012.2.2-5,2
NMP.2012.2.2-6,3
NMP.2012.2.3-1,2
NMP.2012.3.0-1,3
NMP.2012.3.0-2,1
NMP.2012.4.0-1,3
NMP.2012.4.0-2,8
NMP.2012.4.0-3,1
NMP.2012.4.0-4,2
NMP.2012.4.1-1,2
NMP.2012.4.1-2,3
NMP.2012.4.1-3,3
NMP.2012.4.1-4,1
NMP.2013.1.1-1,3
NMP.2013.1.1-2,3
NMP.2013.1.2-1,5
NMP.2013.1.2-2,3
NMP.2013.1.3-1,2
NMP.2013.1.3-2,1
NMP.2013.1.3-3,1
NMP.2013.1.4-1,6
NMP.2013.1.4-2,4
NMP.2013.1.4-3,1
NMP.2013.1.4-4,1
NMP.2013.2.1-1,3
NMP.2013.2.2-1,5
NMP.2013.2.2-2,3
NMP.2013.2.2-3,1
NMP.2013.2.2-4,5
NMP.2013.2.3-1,1
NMP.2013.2.3-2,1
NMP.2013.3.0-1,3
NMP.2013.3.0-2,3
NMP.2013.4.0-1,2
NMP.2013.4.0-2,5
NMP.2013.4.0-3,6
NMP.2013.4.0-4,4
NMP.2013.4.0-5,2
NMP.2013.4.0-6,1
NMP.2013.4.0-7,1
NMP.2013.4.0-8,1
NMP.2013.4.0-9,4
NMP.2013.4.1-1,3
NMP.2013.4.1-2,1
NMP.2013.4.1-3,1
OCEAN 2013.1,5
OCEAN 2013.2,5
OCEAN 2013.3,2
OCEAN 2013.4,1
OCEAN.2011-1,3
OCEAN.2011-2,1
OCEAN.2011-3,1
OCEAN.2011-4,1
Ocean.2010-1,1
Ocean.2010-2,1
Ocean.2010-3,1
PEOPLE,22
PEOPLE-2007-1-1-ITN,75
PEOPLE-2007-2-1.IEF,451
PEOPLE-2007-2-2.ERG,216
PEOPLE-2007-2-3.COFUND,24
PEOPLE-2007-3-1-IAPP,39
PEOPLE-2007-4-1.IOF,107
PEOPLE-2007-4-2.IIF,159
PEOPLE-2007-4-3.IRG,369
PEOPLE-2007-5-1.NIGHT,39
PEOPLE-2007-5-4.NCP,1
PEOPLE-2007-5.3,5
RC-OA-2012-Gender,1
REGIONS,12
REGIONS-1,4
REGIONS-2007-1-01,11
REGIONS-2007-2-01,2
REGIONS-2007-2-02,5
REGIONS-2007-3-01,1
REGIONS-2008-1-01,11
REGIONS-2008-1-02,2
REGIONS-2008-2-01,3
REGIONS-2008-2-02,3
REGIONS-2009-1,9
REGIONS-2011-1,8
REGIONS-2012-2013-1,22
REGPOT,20
REGPOT-2007-1-01,23
REGPOT-2007-2-01,6
REGPOT-2007-3-01,11
REGPOT-2007-4-01,1
REGPOT-2008-1-01,33
REGPOT-2008-2-01,8
REGPOT-2009-1,16
REGPOT-2009-2,15
REGPOT-2011-1,21
REGPOT-2012-2013-1,46
SEC,4
SEC-2007-1.2-01,1
SEC-2007-1.2-02,2
SEC-2007-1.3-01,3
SEC-2007-1.3-03,1
SEC-2007-1.3-05,1
SEC-2007-1.3-06,2
SEC-2007-2.1-01,1
SEC-2007-2.3-01,1
SEC-2007-2.3-03,2
SEC-2007-2.3-04,3
SEC-2007-3.1-01,1
SEC-2007-3.2-02,1
SEC-2007-3.2-03,1
SEC-2007-3.3-01,1
SEC-2007-3.3-02,3
SEC-2007-4.2-01,1
SEC-2007-4.2-02,1
SEC-2007-4.2-04,2
SEC-2007-4.3-01,1
SEC-2007-4.3-02,2
SEC-2007-4.3-03,2
SEC-2007-6.1-01,1
SEC-2007-6.1-02,2
SEC-2007-6.1-03,2
SEC-2007-6.2-01,1
SEC-2007-6.3-01,3
SEC-2007-6.4-01,1
SEC-2007-6.4-02,1
SEC-2007-6.5-01,1
SEC-2007-6.5-02,1
SEC-2007-7.0-01,1
SEC-2007-7.0-02,5
SEC-2007-7.0-03,1
SEC-2007-7.0-06,1
SEC-2009-1.1-01,2
SEC-2009-1.1-02,2
SEC-2009-1.3-01,2
SEC-2009-1.3-02,2
SEC-2009-1.3-03,1
SEC-2009-1.3-04,3
SEC-2009-2.2-01,1
SEC-2009-2.2-02,1
SEC-2009-2.3-01,2
SEC-2009-3.2-01,1
SEC-2009-3.2-02,2
SEC-2009-3.2-03,1
SEC-2009-3.4-01,1
SEC-2009-4.2-01,2
SEC-2009-4.3-01,1
SEC-2009-4.3-02,2
SEC-2009-4.3-03,4
SEC-2009-6.1-01,1
SEC-2009-6.2-01,1
SEC-2009-7.0-02,2
SEC-2010.1.2-1,1
SEC-2010.1.3-1,1
SEC-2010.1.3-2,2
SEC-2010.1.3-3,3
SEC-2010.2.1-1,1
SEC-2010.2.3-1,2
SEC-2010.2.3-2,2
SEC-2010.2.3-3,3
SEC-2010.2.4-1,1
SEC-2010.3.1-1,1
SEC-2010.3.2-1,2
SEC-2010.4.1-1,3
SEC-2010.4.2-1,2
SEC-2010.4.2-2,3
SEC-2010.4.2-3,1
SEC-2010.4.3-1,2
SEC-2010.6.3-2,1
SEC-2010.6.3-3,3
SEC-2010.6.4-1,1
SEC-2010.6.5-2,3
SEC-2010.7.0-1,2
SEC-2010.7.0-3,1
SEC-2010.7.0-4,1
SEC-2010.7.0-6,1
SEC-2011.1.2-1,2
SEC-2011.1.3-1,2
SEC-2011.1.3-2,2
SEC-2011.1.3-3,2
SEC-2011.1.4-1,1
SEC-2011.1.4-2,2
SEC-2011.1.4-3,1
SEC-2011.1.5-1,3
SEC-2011.2.2-1,1
SEC-2011.2.2-2,3
SEC-2011.2.4-1,1
SEC-2011.2.5-1,3
SEC-2011.3.4-1,1
SEC-2011.3.4-2,4
SEC-2011.4.1-1,1
SEC-2011.4.2-2,2
SEC-2011.4.2-3,1
SEC-2011.4.2-4,1
SEC-2011.4.4-1,1
SEC-2011.5.1-1,1
SEC-2011.5.2-1,3
SEC-2011.5.3-2,1
SEC-2011.5.3-4,2
SEC-2011.5.4-1,2
SEC-2011.6.1-1,1
SEC-2011.6.1-4,1
SEC-2011.6.1-5,2
SEC-2011.6.2-1,1
SEC-2011.6.3-1,1
SEC-2011.6.4-1,1
SEC-2011.6.5-1,2
SEC-2011.6.5-2,3
SEC-2011.7.1-1,1
SEC-2011.7.4-1,1
SEC-2011.7.5-1,3
SEC-2011.7.5-2,2
SEC-2011.7.6-1,1
SEC-2012.1.3-1,1
SEC-2012.1.3-2,1
SEC-2012.1.5-1,1
SEC-2012.1.5-2,3
SEC-2012.1.5-4,2
SEC-2012.1.6-1,1
SEC-2012.2.1-1,2
SEC-2012.2.2-1,1
SEC-2012.2.2-2,1
SEC-2012.2.2-3,1
SEC-2012.2.3-1,2
SEC-2012.2.5-1,1
SEC-2012.2.5-2,1
SEC-2012.3.1-1,1
SEC-2012.3.1-2,1
SEC-2012.3.4-1,1
SEC-2012.3.4-2,1
SEC-2012.3.4-4,1
SEC-2012.3.4-5,2
SEC-2012.3.4-6,2
SEC-2012.3.5-1,1
SEC-2012.4.1-2,2
SEC-2012.4.2-1,1
SEC-2012.4.2-2,1
SEC-2012.4.2-3,1
SEC-2012.4.3-1,4
SEC-2012.4.4-1,1
SEC-2012.4.4-2,1
SEC-2012.5.2-1,2
SEC-2012.5.3-1,1
SEC-2012.5.3-2,1
SEC-2012.5.3-4,1
SEC-2012.6.1-1,1
SEC-2012.6.1-2,1
SEC-2012.6.1-3,3
SEC-2012.6.3-1,1
SEC-2012.6.3-2,1
SEC-2012.6.5-1,1
SEC-2012.7.2-1,3
SEC-2012.7.4-2,3
SEC-2013-1.6-3,1
SEC-2013-1.6-4,1
SEC-2013.1.1-2,1
SEC-2013.1.3-1,1
SEC-2013.1.4-1,1
SEC-2013.1.4-2,1
SEC-2013.1.5-1,1
SEC-2013.1.6-1,1
SEC-2013.2.1-1,1
SEC-2013.2.1-2,3
SEC-2013.2.2-1,1
SEC-2013.2.2-2,1
SEC-2013.2.2-3,2
SEC-2013.2.2-5,2
SEC-2013.2.4-1,1
SEC-2013.2.4-2,2
SEC-2013.2.5-1,3
SEC-2013.2.5-2,1
SEC-2013.2.5-3,1
SEC-2013.2.5-4,2
SEC-2013.3.2-1,1
SEC-2013.3.2-3,1
SEC-2013.3.4-2,1
SEC-2013.4.1-1,1
SEC-2013.4.1-2,4
SEC-2013.4.1-4,4
SEC-2013.4.1-5,2
SEC-2013.4.1-6,1
SEC-2013.4.2-1,1
SEC-2013.4.3-1,1
SEC-2013.5.1-1,4
SEC-2013.5.1-2,1
SEC-2013.5.3-1,1
SEC-2013.5.3-2,1
SEC-2013.5.4-1,2
SEC-2013.6.1-1,4
SEC-2013.6.1-2,1
SEC-2013.6.1-3,1
SEC-2013.6.3-1,1
SEC-2013.6.3-2,1
SEC-2013.7.2-1,3
SEC-2013.7.3.1,1
SEC-2013.7.6-1,2
SIS-2008-2.2.1.1,1
SIS-2010-1.3.3.1,2
SME,8
SME-1,342
SME-2,74
SME-2009-3-01,3
SME-2011-1,118
SME-2011-2,39
SME-2011-3,12
SME-2012-1,160
SME-2012-2,30
SME-2012-3,17
SME-2013-1,167
SME-2013-2,33
SME-2013-3,31
SME-2013-4,1
SME-3,3
SP1-JTI-ARTEMIS-2008-1,1
SP1-JTI-ARTEMIS-2008-3,2
SP1-JTI-ARTEMIS-2009-1,1
SP1-JTI-ARTEMIS-2009-5,1
SP1-JTI-ARTEMIS-2009-6,1
SP1-JTI-ARTEMIS-2010-1,3
SP1-JTI-ARTEMIS-2010-2,1
SP1-JTI-ARTEMIS-2010-3,2
SP1-JTI-ARTEMIS-2010-4,1
SP1-JTI-ARTEMIS-2010-6,1
SP1-JTI-ARTEMIS-2010-7,2
SP1-JTI-ARTEMIS-2010-8,2
SP1-JTI-ARTEMIS-2011-1,5
SP1-JTI-ARTEMIS-2011-3,1
SP1-JTI-ARTEMIS-2011-5,4
SP1-JTI-ARTEMIS-2011-6,2
SP1-JTI-ARTEMIS-2011-7,1
SP1-JTI-ARTEMIS-2012-AIPP1,1
SP1-JTI-ARTEMIS-2012-AIPP4,1
SP1-JTI-ARTEMIS-2012-AIPP6,1
SP1-JTI-ARTEMIS-2012-ASP1,1
SP1-JTI-ARTEMIS-2012-ASP2,1
SP1-JTI-ARTEMIS-2012-ASP3,2
SP1-JTI-ARTEMIS-2012-ASP4,1
SP1-JTI-ARTEMIS-2012-ASP5,2
SP1-JTI-ARTEMIS-2012-ASP7,1
SP1-JTI-ARTEMIS-2012-ASP8,2
SP1-JTI-ARTEMIS-2013-AIPP5,1
SP1-JTI-ARTEMIS-2013-ASP1,1
SP1-JTI-ARTEMIS-2013-ASP3,1
SP1-JTI-ARTEMIS-2013-ASP4,1
SP1-JTI-ARTEMIS-2013-ASP5,1
SP1-JTI-FCH-1.1,2
SP1-JTI-FCH-1.2,2
SP1-JTI-FCH-1.3,1
SP1-JTI-FCH-2.1,2
SP1-JTI-FCH-2.3,1
SP1-JTI-FCH-3.1,1
SP1-JTI-FCH-3.2,3
SP1-JTI-FCH-3.3,5
SP1-JTI-FCH-4.2,2
SP1-JTI-FCH-5.1,1
SP1-JTI-FCH.2009.1.1,1
SP1-JTI-FCH.2009.1.3,1
SP1-JTI-FCH.2009.1.5,1
SP1-JTI-FCH.2009.1.6,1
SP1-JTI-FCH.2009.2.3,1
SP1-JTI-FCH.2009.2.4,1
SP1-JTI-FCH.2009.3.1,2
SP1-JTI-FCH.2009.3.2,4
SP1-JTI-FCH.2009.3.3,3
SP1-JTI-FCH.2009.3.4,1
SP1-JTI-FCH.2009.3.5,2
SP1-JTI-FCH.2009.3.6,1
SP1-JTI-FCH.2009.3.8,1
SP1-JTI-FCH.2009.4.1,3
SP1-JTI-FCH.2009.4.2,1
SP1-JTI-FCH.2009.5.1,2
SP1-JTI-FCH.2009.5.2,1
SP1-JTI-FCH.2009.5.5,2
SP1-JTI-FCH.2010.1.1,2
SP1-JTI-FCH.2010.1.5,2
SP1-JTI-FCH.2010.2.1,2
SP1-JTI-FCH.2010.2.2,2
SP1-JTI-FCH.2010.2.3,2
SP1-JTI-FCH.2010.2.4,1
SP1-JTI-FCH.2010.2.5,1
SP1-JTI-FCH.2010.2.6,1
SP1-JTI-FCH.2010.3.1,3
SP1-JTI-FCH.2010.3.2,2
SP1-JTI-FCH.2010.3.3,2
SP1-JTI-FCH.2010.3.4,1
SP1-JTI-FCH.2010.3.5,2
SP1-JTI-FCH.2010.4.2,2
SP1-JTI-FCH.2010.4.4,1
SP1-JTI-FCH.2010.4.5,1
SP1-JTI-FCH.2010.4.6,1
SP1-JTI-FCH.2010.5.1,1
SP1-JTI-FCH.2011.1.1,2
SP1-JTI-FCH.2011.1.3,1
SP1-JTI-FCH.2011.1.5,5
SP1-JTI-FCH.2011.1.6,2
SP1-JTI-FCH.2011.1.7,1
SP1-JTI-FCH.2011.1.8,1
SP1-JTI-FCH.2011.2.1,1
SP1-JTI-FCH.2011.2.3,1
SP1-JTI-FCH.2011.2.4,2
SP1-JTI-FCH.2011.2.6,1
SP1-JTI-FCH.2011.2.7,2
SP1-JTI-FCH.2011.2.8,1
SP1-JTI-FCH.2011.3.1,3
SP1-JTI-FCH.2011.3.3,1
SP1-JTI-FCH.2011.3.4,2
SP1-JTI-FCH.2011.3.6,1
SP1-JTI-FCH.2011.3.7,1
SP1-JTI-FCH.2011.4.1,1
SP1-JTI-FCH.2011.4.3,1
SP1-JTI-FCH.2011.4.4,4
SP1-JTI-FCH.2011.5.1,1
SP1-JTI-FCH.2011.5.4,1
SP1-JTI-FCH.2012.1.2,1
SP1-JTI-FCH.2012.1.3,1
SP1-JTI-FCH.2012.1.5,3
SP1-JTI-FCH.2012.1.6,1
SP1-JTI-FCH.2012.1.7,1
SP1-JTI-FCH.2012.2.3,1
SP1-JTI-FCH.2012.2.5,2
SP1-JTI-FCH.2012.2.6,1
SP1-JTI-FCH.2012.3.1,2
SP1-JTI-FCH.2012.3.2,1
SP1-JTI-FCH.2012.3.3,1
SP1-JTI-FCH.2012.3.4,2
SP1-JTI-FCH.2012.3.5,4
SP1-JTI-FCH.2012.3.7,1
SP1-JTI-FCH.2012.4.1,1
SP1-JTI-FCH.2012.4.2,1
SP1-JTI-FCH.2012.4.3,1
SP1-JTI-FCH.2012.4.4,2
SP1-JTI-FCH.2012.5.1,1
SP1-JTI-FCH.2012.5.2,1
SP1-JTI-FCH.2012.5.3,1
SP1-JTI-FCH.2012.5.4,1
SP1-JTI-FCH.2012.5.5,1
SP1-JTI-FCH.2013.1.1,2
SP1-JTI-FCH.2013.1.2,1
SP1-JTI-FCH.2013.1.5,1
SP1-JTI-FCH.2013.2.2,1
SP1-JTI-FCH.2013.2.3,1
SP1-JTI-FCH.2013.2.4,3
SP1-JTI-FCH.2013.2.5,1
SP1-JTI-FCH.2013.3.1,3
SP1-JTI-FCH.2013.3.2,2
SP1-JTI-FCH.2013.3.3,3
SP1-JTI-FCH.2013.3.4,2
SP1-JTI-FCH.2013.3.5,1
SP1-JTI-FCH.2013.4.4,1
SP1-JTI-FCH.2013.5.2,1
SP1-JTI-FCH.2013.5.3,1
SP1-JTI-FCH.2013.5.4,1
SP1-JTI-FCH.2013.5.5,1
SP1-JTI-FCH.2013.5.6,1
SPA,5
SPA-2007-1.1-01,5
SPA-2007-1.1-02,3
SPA-2007-2.1-01,4
SPA-2007-2.2-01,3
SPA-2007-2.2-02,7
SPA-2007-3.2-01,1
SPA.2009.1.1.01,6
SPA.2009.1.1.02,3
SPA.2009.1.1.03,1
SPA.2009.2.1.01,4
SPA.2009.2.2.01,7
SPA.2009.2.4.01,1
SPA.2009.3.2.01,3
SPA.2009.3.5.01,2
SPA.2010.1.1-01,10
SPA.2010.1.1-04,8
SPA.2010.1.1-05,3
SPA.2010.1.1-06,1
SPA.2010.1.1-07,2
SPA.2010.2.1-03,8
SPA.2010.2.1-04,7
SPA.2010.2.2-01,8
SPA.2010.2.3-1,10
SPA.2010.2.3-2,8
SPA.2010.3.2-01,6
SPA.2010.3.2-02,2
SPA.2010.3.2-03,2
SPA.2010.3.2-04,6
SPA.2011.1.1-01,1
SPA.2011.1.5-01,1
SPA.2011.1.5-02,1
SPA.2011.1.5-03,5
SPA.2011.2.1-01,4
SPA.2011.2.1-02,7
SPA.2011.2.2-01,3
SPA.2011.2.2-02,7
SPA.2011.2.3-01,1
SPA.2011.3.2-01,1
SPA.2011.3.2-02,1
SPA.2011.3.3-01,1
SPA.2011.3.5-01,3
SPA.2012.1.1-01,1
SPA.2012.1.1-02,1
SPA.2012.1.1-03,2
SPA.2012.1.1-04,4
SPA.2012.1.1-05,4
SPA.2012.1.3-01,3
SPA.2012.1.3-02,1
SPA.2012.1.3-03,1
SPA.2012.1.3-04,1
SPA.2012.2.1-01,9
SPA.2012.2.2-01,5
SPA.2012.2.2-02,7
SPA.2012.3.1-01,7
SPA.2012.3.5-01,2
SPA.2012.3.5-02,3
SPA.2013.1.1-01,1
SPA.2013.1.1-02,1
SPA.2013.1.1-03,1
SPA.2013.1.1-04,1
SPA.2013.1.1-05,1
SPA.2013.1.1-06,11
SPA.2013.1.1-07,8
SPA.2013.1.2-01,2
SPA.2013.2.1-01,10
SPA.2013.2.1-02,3
SPA.2013.2.2-01,8
SPA.2013.2.3-01,2
SPA.2013.2.3-02,1
SPA.2013.3.1-01,8
SPA.2013.3.2-01,4
SSH,4
SSH 2011.8.8-3,1
SSH-2007-1.1-01,1
SSH-2007-1.1-02,4
SSH-2007-1.1-03,2
SSH-2007-1.2-01,2
SSH-2007-1.2-02,2
SSH-2007-1.2-03,3
SSH-2007-1.3-01,2
SSH-2007-2.1-01,4
SSH-2007-2.1-02,2
SSH-2007-2.1-03,2
SSH-2007-2.1-04,2
SSH-2007-2.2-01,5
SSH-2007-2.2-02,2
SSH-2007-3.1-01,5
SSH-2007-3.1-02,1
SSH-2007-3.1-03,4
SSH-2007-3.2-01,5
SSH-2007-3.3-01,6
SSH-2007-4.1-01,1
SSH-2007-4.1-02,2
SSH-2007-4.2-01,5
SSH-2007-4.2-02,5
SSH-2007-4.3-01,2
SSH-2007-4.3-02,3
SSH-2007-5.1-01,8
SSH-2007-5.1-02,3
SSH-2007-5.2-01,6
SSH-2007-5.2-02,2
SSH-2007-6.1-01,2
SSH-2007-6.2-01,4
SSH-2007-6.3-01,2
SSH-2007-6.4-01,2
SSH-2007-7.4-01,6
SSH-2007-8.0-01,4
SSH-2007-8.0-02,5
SSH-2007-8.0-03,2
SSH-2007-8.0-04,1
SSH-2008-8.6,2
SSH-2009-1.1.1.,2
SSH-2009-1.2.1.,1
SSH-2009-1.3.1.,1
SSH-2009-2.1.1.,2
SSH-2009-2.1.2.,1
SSH-2009-2.1.3.,1
SSH-2009-2.2.1.,1
SSH-2009-3.2.1.,1
SSH-2009-3.2.2.,1
SSH-2009-3.2.3.,1
SSH-2009-3.3.1.,3
SSH-2009-3.3.2.,1
SSH-2009-4.1.1.,1
SSH-2009-4.1.2.,1
SSH-2009-4.2.1.,1
SSH-2009-4.2.2.,1
SSH-2009-5.1.1.,2
SSH-2009-5.2.1.,1
SSH-2009-5.2.2.,1
SSH-2009-5.2.3.,1
SSH-2009-6.2.1.,1
SSH-2009-6.3.1.,1
SSH-2009-7.1.1,1
SSH-2009-7.1.2,1
SSH-2009-7.5.1,1
SSH-2009-8.1,2
SSH-2010-1.1-1,1
SSH-2010-1.2-1,1
SSH-2010-1.3-1,1
SSH-2010-2.1-1,1
SSH-2010-2.1-2,3
SSH-2010-2.1-3,1
SSH-2010-2.1-4,1
SSH-2010-2.2-1,2
SSH-2010-3.2-1,1
SSH-2010-4.1-1,1
SSH-2010-4.1-2,1
SSH-2010-4.1-3,1
SSH-2010-4.2-1,1
SSH-2010-5.1-1,1
SSH-2010-5.2-1,1
SSH-2010-5.2-2,1
SSH.2010.8-1,1
SSH.2010.8-8,1
SSH.2011.1.1-1,1
SSH.2011.1.2-1,1
SSH.2011.1.2-2,1
SSH.2011.1.3-1,1
SSH.2011.2.1-1,1
SSH.2011.2.1-2,3
SSH.2011.2.2-1,1
SSH.2011.3.2-1,1
SSH.2011.3.3-1,1
SSH.2011.4.1-1,1
SSH.2011.4.1-2,1
SSH.2011.4.2-1,1
SSH.2011.4.3-1,1
SSH.2011.5.1-1,1
SSH.2011.5.1-2,1
SSH.2011.5.2-1,1
SSH.2011.5.2-2,1
SSH.2011.6.2-1,1
SSH.2011.6.4-1,1
SSH.2011.7.1-1,1
SSH.2011.8.8-2,1
SSH.2012.1.1-1,1
SSH.2012.1.1-2,1
SSH.2012.1.1-3,1
SSH.2012.1.2-1,1
SSH.2012.1.2-2,1
SSH.2012.1.3-1,2
SSH.2012.1.3-2,1
SSH.2012.2.1-1,2
SSH.2012.2.1-2,1
SSH.2012.2.2-1,1
SSH.2012.2.2-2,1
SSH.2012.2.2-3,1
SSH.2012.2.2-4,1
SSH.2012.3.1-1,1
SSH.2012.3.2-1,1
SSH.2012.3.2-2,1
SSH.2012.3.2-3,1
SSH.2012.3.2-4,1
SSH.2012.4.1-1,1
SSH.2012.4.1-2,1
SSH.2012.4.2-1,1
SSH.2012.4.3-1,1
SSH.2012.5.1-1,1
SSH.2012.5.1-2,1
SSH.2012.5.2-1,1
SSH.2012.6.2-1,1
SSH.2012.7.1-1,1
SSH.2012.8.8-1,1
SSH.2012.8.8-2,1
SSH.2013.1.1-1,2
SSH.2013.1.1-2,1
SSH.2013.1.2-1,2
SSH.2013.1.3-1,1
SSH.2013.1.3-2,2
SSH.2013.2.1-1,2
SSH.2013.2.1-2,2
SSH.2013.2.1-3,2
SSH.2013.2.1-4,1
SSH.2013.3.1-1,2
SSH.2013.3.2-1,2
SSH.2013.3.2-2,1
SSH.2013.3.2-3,2
SSH.2013.4.1-1,2
SSH.2013.4.1-2,2
SSH.2013.4.2-1,2
SSH.2013.4.3-1,1
SSH.2013.4.3-2,1
SSH.2013.4.3-3,1
SSH.2013.5.1-1,2
SSH.2013.5.1-2,1
SSH.2013.5.2-1,2
SSH.2013.5.2-2,2
SSH.2013.6.3-1,1
SSH.2013.7.1-1,1
SSH.2013.8-1,1
SST-2007-1.1-01,1
SST-2007-1.1-02,4
SST-2007-1.1-03,1
SST-2007-1.1-04,1
SST-2007-1.1-05,1
SST-2007-1.2-01,4
SST-2007-1.2-02,5
SST-2007-2.1-01,3
SST-2007-2.1-02,1
SST-2007-2.1-03,2
SST-2007-2.1-04,1
SST-2007-2.2-01,1
SST-2007-2.2-02,1
SST-2007-2.2-03,1
SST-2007-2.2-04,1
SST-2007-2.5-02,1
SST-2007-3.1-01,5
SST-2007-3.1-02,4
SST-2007-3.2-01,1
SST-2007-3.4-01,5
SST-2007-3.4-02,1
SST-2007-3.4-03,1
SST-2007-4.1-01,12
SST-2007-4.1-02,7
SST-2007-4.1-03,2
SST-2007-4.1-04,3
SST-2007-4.1-05,1
SST-2007-4.1-06,1
SST-2007-4.1-07,1
SST-2007-5.1-01,7
SST-2007-5.1-02,4
SST-2007-6.0-01,2
SST-2007-6.0-02,4
SST-2007-6.0-03,3
SST-2007-6.0-04,2
SST-2007-6.0-05,1
SST-2007-6.0-06,1
SST-2007-6.0-07,1
SST-2007.2.2-02,1
SST-2007.2.2-04,1
SST.2008.1.1.1.,3
SST.2008.1.1.2.,4
SST.2008.1.1.3.,6
SST.2008.1.1.4.,1
SST.2008.1.1.6.,1
SST.2008.1.1.8.,1
SST.2008.1.1.9.,1
SST.2008.1.2.1.,3
SST.2008.1.3.1.,1
SST.2008.2.1.5.,1
SST.2008.2.1.6.,1
SST.2008.2.5.1,4
SST.2008.2.7.1.,1
SST.2008.2.7.2.,1
SST.2008.2.7.3.,2
SST.2008.2.7.4.,1
SST.2008.2.7.6.,1
SST.2008.3.1.1.,5
SST.2008.3.1.2.,1
SST.2008.3.1.3.,2
SST.2008.3.1.4.,2
SST.2008.3.1.5.,1
SST.2008.3.1.6.,1
SST.2008.3.1.7.,1
SST.2008.4.1.1.,11
SST.2008.4.1.2.,6
SST.2008.4.1.3.,1
SST.2008.4.1.4.,2
SST.2008.4.2.1.,1
SST.2008.5.1.1.,2
SST.2008.5.2.1.,8
SST.2008.5.2.2.,9
SST.2008.5.2.3.,1
SST.2008.6.0.1.,2
SST.2008.6.0.2.,1
SST.2008.6.0.3.,3
SST.2008.6.0.4.,1
SST.2008.6.0.5.,1
SST.2008.6.0.6.,1
SST.2008.6.0.7.,2
SST.2008.6.0.8.,1
SST.2010.1.1-1.,2
SST.2010.1.1-2.,5
SST.2010.1.1-3.,2
SST.2010.1.1-4.,1
SST.2010.1.3-1.,1
SST.2010.1.3-2.,1
SST.2010.2.1-1.,2
SST.2010.2.1-3.,1
SST.2010.2.1-4.,1
SST.2010.4.1-1.,2
SST.2010.4.1-2.,1
SST.2010.5.1-1.,3
SST.2010.5.2-1.,2
SST.2010.5.2-2.,1
SST.2010.5.2-3.,1
SST.2010.5.2-5.,1
SST.2010.6-1.,1
SST.2010.6-2.,1
SST.2010.6-3.,1
SST.2011.1.1-1.,2
SST.2011.1.1-2.,3
SST.2011.1.1-3.,1
SST.2011.1.1-4.,1
SST.2011.2.1-1.,1
SST.2011.2.5-1.,3
SST.2011.3.4-2.,1
SST.2011.4.1-1.,2
SST.2011.4.1-2.,1
SST.2011.4.1-3.,1
SST.2011.5.2-2.,2
SST.2011.5.2-3.,1
SST.2011.5.2-5.,1
SST.2011.5.2-6.,2
SST.2011.6-1.,1
SST.2012.1.1-1.,2
SST.2012.1.1-2.,1
SST.2012.1.1-3.,1
SST.2012.2.2-1.,1
SST.2012.2.2-2.,1
SST.2012.2.4-1.,2
SST.2012.2.5-1.,2
SST.2012.2.5-2.,1
SST.2012.3.1-1.,1
SST.2012.3.1-2.,2
SST.2012.3.1-3.,1
SST.2012.3.1-4.,1
SST.2012.4.1-1.,3
SST.2012.4.1-3.,1
SST.2012.4.2-1.,2
SST.2012.5.2-1.,1
SST.2012.5.2-2.,1
SST.2012.5.2-3.,4
SST.2012.5.2-4.,1
SST.2012.5.2-5.,1
SST.2012.5.2-6.,1
SST.2012.6-1.,1
SST.2013.1-1.,1
SST.2013.1-2.,1
SST.2013.1-3.,1
SST.2013.2-1.,1
SST.2013.2-2.,1
SST.2013.3-1.,1
SST.2013.3-2.,2
SST.2013.3-3.,1
SST.2013.4-1.,1
SST.2013.4-2.,1
SST.2013.4-3.,1
SST.2013.5-1.,1
SST.2013.5-2.,1
SST.2013.5-3.,3
SST.2013.6-1.,3
SST.2013.6-2.,2
SST.2013.6-3.,1
SiS,27
SiS-2007-1.1.1.1,2
SiS-2007-1.1.2.1,2
SiS-2007-1.1.2.2,2
SiS-2007-1.2.1.1,4
SiS-2007-1.2.1.2,3
SiS-2007-1.2.2.1,1
SiS-2007-1.2.2.3,1
SiS-2007-1.2.3.1-CT,1
SiS-2007-1.2.3.2-CT,2
SiS-2007-2.1.1.1,1
SiS-2007-2.2.1.1,4
SiS-2007-2.2.2.1,4
SiS-2007-3.0.3.1,3
SiS-2007-3.0.6.1,1
SiS-2007-4.0.1.1,1
SiS-2008-1.1.2.1,10
SiS-2008-1.1.5.1,4
SiS-2008-1.2.1.3,2
SiS-2008-1.2.2.1,3
SiS-2008-1.3.1.1,3
SiS-2008-1.3.3.1,1
SiS-2008-2.1.1.1,2
SiS-2008-2.1.2.1,2
SiS-2008-3.0.2.1,1
SiS-2008-3.0.2.2,2
SiS-2008-3.0.3.1,6
SiS-2008-4.0.2.3,1
SiS-2009-1.1.2.1,2
SiS-2009-1.1.2.2,1
SiS-2009-1.2.1.1,2
SiS-2009-1.3.2.1,2
SiS-2009-2.1.1.1,2
SiS-2009-2.1.2.1,1
SiS-2009-2.2.3.1,3
SiS-2009-2.2.3.2,3
SiS-2009-3.0.3.1,1
SiS-2010-1.0.1,4
SiS-2010-1.1.1.1,1
SiS-2010-1.1.1.2,1
SiS-2010-1.4.2,1
SiS-2010-2.1.1.1,2
SiS-2010-2.1.3.1,1
SiS-2010-2.2.1.1,4
SiS-2010-2.2.2.1,1
SiS-2010-2.2.3.1,1
SiS-2010-3.0.3.1,2
SiS-2010-4.0.0.3,1
SiS.2007-2.2.1.2,4
SiS.2011.1.0-1,4
SiS.2011.1.1.1-1,1
SiS.2011.1.1.1-3,1
SiS.2011.1.1.1-4,2
SiS.2011.1.1.1-5,1
SiS.2011.1.3.1-1,2
SiS.2011.1.3.4-1,2
SiS.2011.2.1.1-1,2
SiS.2011.2.2.1-1,2
SiS.2011.2.2.3-2,1
SiS.2011.2.2.3.1,1
SiS.2011.3.0.6-1,1
SiS.2011.4.0.0-2,1
SiS.2012.1.1.1-1,2
SiS.2012.1.2-1,3
SiS.2012.1.2.1-1,1
SiS.2012.1.3.3-1,2
SiS.2012.2.1.1-1,2
SiS.2012.2.1.1-2,1
SiS.2012.2.2.1-1,3
SiS.2012.2.2.3-1,1
SiS.2013.1.1.1-1,1
SiS.2013.1.1.1-2,1
SiS.2013.1.1.1-6,2
SiS.2013.1.2-1,6
SiS.2013.1.3.3-1,1
SiS.2013.1.3.3-2,1
SiS.2013.2.1.1-1,3
SiS.2013.2.1.1-2,1
SiS.2013.2.2.1-1,4
SiS.2013.2.2.3-1,1
TPT,1
TPT-2007-0.0-02,1
TPT-2007-0.0-03,1
TPT-2007-0.0-04,2
TPT-2007-0.0-05,3
TPT-2007-0.0-06,5
TPT-2007-0.0-09,1
TPT-2008.0.0.1,2
TPT-2008.0.0.12,1
TPT-2008.0.0.13,3
TPT-2008.0.0.14,1
TPT-2008.0.0.2,2
TPT-2008.0.0.5,2
TPT-2008.0.0.8,1
TPT.2010-4.,3
TPT.2010-5.,4
TPT.2010-8.,1
TPT.2010-9.,1
TPT.2011.1-2.,2
TPT.2011.2-1.,2
TPT.2011.2-2.,1
TPT.2011.3-1,2
TPT.2012.1-1.,1
TPT.2012.1-2.,1
TPT.2012.1-3.,2
TPT.2012.2-1.,1
TPT.2012.2-2.,1
TPT.2012.3-1.,1
TPT.2012.3-2.,3
TPT.2013-1.,2
TPT.2013-2.,1
TPT.2013-3.,1
